--------------------------------------------------------------------------
-- FLEXIA 10.4 
-- Altia Consultores 
-- Scripts creación BD flexia 
-- Oracle
-- Inicialización de las tablas del esquema de pruebas
-- Ejecutar con usuario del esquema de pruebas
--------------------------------------------------------------------------

spool 6_insert_pruebas.log
SET ECHO ON;

-- Provincia de la organización
DEFINE cod_provincia = 15;
-- Municipio de la organizacion
DEFINE cod_municipio = 30;
-- Código de la organizacion de pruebas
DEFINE cod_organizacion = 0;


-- ADMINISTRACIÓN LOCAL

-- Inserción de departamentos por defecto.
INSERT INTO A_DEP ( DEP_COD, DEP_NOM ) VALUES (1, 'DEPARTAMENTO');

-- Inserción de unidades orgánicas por defecto.
INSERT INTO A_UOR(UOR_COD, UOR_PAD, UOR_NOM, UOR_TIP, UOR_FECHA_ALTA, UOR_FECHA_BAJA, UOR_ESTADO, UOR_COD_VIS, UOR_EMAIL, UOR_NO_VIS, UOR_COD_ACCEDE) 
	VALUES (0, NULL, 'REGISTRO GENERAL', '1',  SYSDATE, NULL, 'A', 'RX', NULL, '0', NULL); 

-- Inserción de cargos por defecto.
INSERT INTO A_CAR ( CAR_COD, CAR_PAD, CAR_NOM, CAR_FECHA_ALTA, CAR_FECHA_BAJA, CAR_ESTADO, CAR_COD_VIS ) 
	VALUES (0, NULL, 'TODOS',  SYSDATE, NULL, 'A', 'TD'); 
INSERT INTO A_CAR ( CAR_COD, CAR_PAD, CAR_NOM, CAR_FECHA_ALTA, CAR_FECHA_BAJA, CAR_ESTADO, CAR_COD_VIS ) 
	VALUES (8, NULL, 'DIRECTOR',  SYSDATE, NULL, 'A', 'DIR'); 
INSERT INTO A_CAR ( CAR_COD, CAR_PAD, CAR_NOM, CAR_FECHA_ALTA, CAR_FECHA_BAJA, CAR_ESTADO, CAR_COD_VIS ) 
	VALUES (7, 4, 'SECRETARIA DIRECCIÓN',  SYSDATE, NULL, 'A', 'SEC'); 
INSERT INTO A_CAR ( CAR_COD, CAR_PAD, CAR_NOM, CAR_FECHA_ALTA, CAR_FECHA_BAJA, CAR_ESTADO, CAR_COD_VIS ) 
	VALUES (9, NULL, 'REVISOR',  SYSDATE, NULL, 'A', 'REV'); 
INSERT INTO A_CAR ( CAR_COD, CAR_PAD, CAR_NOM, CAR_FECHA_ALTA, CAR_FECHA_BAJA, CAR_ESTADO, CAR_COD_VIS ) 
	VALUES (10, NULL, 'EMPLEADO', SYSDATE, NULL, 'A', 'N'); 

-- Referencias a las estructuras por aplicación
INSERT INTO A_DOC ( DOC_CEI, DOC_APL, DOC_NOM ) VALUES (1, 4, 'ESTEXPEDIENTE1'); 
INSERT INTO A_DOC ( DOC_CEI, DOC_APL, DOC_NOM ) VALUES (2, 4, 'ESTINT1'); 
INSERT INTO A_DOC ( DOC_CEI, DOC_APL, DOC_NOM ) VALUES (5, 4, 'ESTEXPINT'); 
INSERT INTO A_DOC ( DOC_CEI, DOC_APL, DOC_NOM ) VALUES (7, 4, 'ESTRELEXP');
Insert into A_DOC ( DOC_CEI ,DOC_APL, DOC_NOM ) VALUES (86,1,'JUSTIFICANTE DE ENTRADA');
 
-- Inserción de las entidades para los informes
INSERT INTO ENTIDADEINFORME ( CODIGO, NOME, CLAUSULAFROM, CLAUSULAWHERE, NOMEVISTA ) 
	VALUES (15, 'RELACION', NULL, NULL, 'V_CRO'); 
INSERT INTO ENTIDADEINFORME ( CODIGO, NOME, CLAUSULAFROM, CLAUSULAWHERE, NOMEVISTA ) 
	VALUES (4, 'EXPEDIENTE', NULL, NULL, 'V_CRO'); 
INSERT INTO ENTIDADEINFORME ( CODIGO, NOME, CLAUSULAFROM, CLAUSULAWHERE, NOMEVISTA ) 
	VALUES (1, 'INTERESADO', NULL, NULL, 'V_INT'); 
INSERT INTO ENTIDADEINFORME ( CODIGO, NOME, CLAUSULAFROM, CLAUSULAWHERE, NOMEVISTA ) 
	VALUES (2, 'EXPEDIENTEINTERESADO', NULL, NULL, 'V_CROI'); 
Insert into ENTIDADEINFORME ( CODIGO , NOME , CLAUSULAFROM , CLAUSULAWHERE , NOMEVISTA ) 
	values (20,'REGISTRO',null,null,'V_REG_JUS');

-- Inserción de las relaciones entre entidades de informes y aplicaciones
INSERT INTO ENTIDADEAPLICACION ( APL_COD, COD_ENTIDADEINFORME ) 
	VALUES (4, 1); 
INSERT INTO ENTIDADEAPLICACION ( APL_COD, COD_ENTIDADEINFORME ) 
	VALUES (4, 2); 
INSERT INTO ENTIDADEAPLICACION ( APL_COD, COD_ENTIDADEINFORME ) 
	VALUES (4, 4); 
INSERT INTO ENTIDADEAPLICACION ( APL_COD, COD_ENTIDADEINFORME ) 
	VALUES (4, 15); 
Insert into ENTIDADEAPLICACION ( APL_COD , COD_ENTIDADEINFORME ) 
	values (1,20);
	
-- Insercion de las estructuras para los informes
INSERT INTO ESTRUCTURAINFORME (COD_ESTRUCTURA, COD_ENTIDADEINFORME, COD_PAI, CONSULTASQL, POSICION ) 
	VALUES (7, 15, NULL, 'SELECT CRO_OCU as OCURRENCIA,PRO_COD as CODIGOPROCEDIMIENTO, PRO_NOM as NOMBREPROCEDIMIENTO, CRO_EJE as EJERCICIO, CRO_NUM as NUMEXPEDIENTE,TRA_COD as CODTRAMITE, TRA_NOM as NOMBRETRAMITE, CRO_FEI as FECHAINICIO,CRO_FEF as FECHAFINALIZACION,USU_COD as CODUSUARIO, USU_NOM as NOMBREUSUARIO,UTR_COD as CODUTR, UTR_NOM as NOMBREUTR,CRO_FIP as FECHAINICIOPLAZO, CRO_FLI as FECHALIMITEPLAZO, CRO_FFP as FECHAFINPLAZO, CRO_OBS as OBSERVACIONES,CRO_LENG as IDIOMA, CRO_LOC as LOCALIZACIONEXPEDIENTE, CRO_AYT as NOMBREAYUNTAMIENTO, CRO_DAC as DIAACTUAL,CRO_MAC as MESACTUAL, CRO_AAC as ANOACTUAL, EXP_ASU as ASUNTOEXPED , DNN_RCA AS REFCATASTRAL, ESI_NOM AS ESI,ECO_NOM AS ECO, PRV_NOM AS PROVINTERESADO, CRO_AAC AS ANOACTUALEXT, CRO_MAC AS MESACTUALEXT, CRO_DAC AS DIAACTUALEXT,TO_CHAR(SYSDATE,''dd/MM/yyyy'') AS FecActEsp, TO_CHAR(SYSDATE,''dd/MM/yyyy'') AS FecActGal FROM V_CRO WHERE PRO_COD=? AND CRO_NUM=? AND TRA_COD=? AND CRO_OCU=? AND CRO_LENG=?', 0); 
INSERT INTO ESTRUCTURAINFORME (COD_ESTRUCTURA, COD_ENTIDADEINFORME, COD_PAI, CONSULTASQL, POSICION ) 
	VALUES (8, 4, NULL, 'SELECT CRO_OCU as OCURRENCIA,PRO_COD as CODIGOPROCEDIMIENTO, PRO_NOM as NOMBREPROCEDIMIENTO, CRO_EJE as EJERCICIO, CRO_NUM as NUMEXPEDIENTE,TRA_COD as CODTRAMITE, TRA_NOM as NOMBRETRAMITE, CRO_FEI as FECHAINICIO,CRO_FEF as FECHAFINALIZACION,USU_COD as CODUSUARIO, USU_NOM as NOMBREUSUARIO,UTR_COD as CODUTR, UTR_NOM as NOMBREUTR,CRO_FIP as FECHAINICIOPLAZO, CRO_FLI as FECHALIMITEPLAZO, CRO_FFP as FECHAFINPLAZO, CRO_OBS as OBSERVACIONES,CRO_LENG as IDIOMA, CRO_LOC as LOCALIZACIONEXPEDIENTE, CRO_AYT as NOMBREAYUNTAMIENTO, CRO_DAC as DIAACTUAL,CRO_MAC as MESACTUAL, CRO_AAC as ANOACTUAL, EXP_ASU as ASUNTOEXPED , DNN_RCA AS REFCATASTRAL, ESI_NOM AS ESI,ECO_NOM AS ECO, PRV_NOM AS PROVINTERESADO, CRO_AAC AS ANOACTUALEXT, CRO_MAC AS MESACTUALEXT, CRO_DAC AS DIAACTUALEXT,TO_CHAR(SYSDATE,''dd/MM/yyyy'') AS FecActEsp, TO_CHAR(SYSDATE,''dd/MM/yyyy'') AS FecActGal FROM V_CRO WHERE PRO_COD=? AND CRO_NUM=? AND TRA_COD=? AND CRO_OCU=? AND CRO_LENG=?', 0); 
INSERT INTO ESTRUCTURAINFORME (COD_ESTRUCTURA, COD_ENTIDADEINFORME, COD_PAI, CONSULTASQL, POSICION ) 
	VALUES (9, 1, 8, 'SELECT int_nom AS nombreinteresado, v_int.int_noc AS nombrecompleto, v_int.int_ap1 AS apellido1interesado, v_int.int_ap2 AS apellido2interesado, int_num AS numeroexpediente, int_domn AS domiciliointeresado, int_rol AS rolinteresado, int_nor AS normalizado, int_domnn AS domiciliononormalizado, int_pob AS poblacioninteresado, int_doc AS documento, int_tlf AS telefonointeresado, int_rca AS refcatastral, int_esi AS esi, int_eco AS eco, int_prv AS provinteresado, int_cpo as codpostalinteresado FROM v_int WHERE (? IS NOT NULL) AND (int_num=?) AND (0<>?) AND (0<>?) AND (0<>?)', 0); 
INSERT INTO ESTRUCTURAINFORME (COD_ESTRUCTURA, COD_ENTIDADEINFORME, COD_PAI, CONSULTASQL, POSICION ) 
	VALUES (1, 4, NULL, 'SELECT CRO_OCU as OCURRENCIA,PRO_COD as CODIGOPROCEDIMIENTO, PRO_NOM as NOMBREPROCEDIMIENTO, CRO_EJE as EJERCICIO,CRO_NUM as NUMEXPEDIENTE,TRA_COD as CODTRAMITE, TRA_NOM as NOMBRETRAMITE, CRO_FEI as FECHAINICIO, CRO_FEF as FECHAFINALIZACION,USU_COD as CODUSUARIO, USU_NOM as NOMBREUSUARIO,UTR_COD as CODUTR, UTR_NOM as NOMBREUTR, CRO_FIP as FECHAINICIOPLAZO, CRO_FLI as FECHALIMITEPLAZO, CRO_FFP as FECHAFINPLAZO, CRO_OBS as OBSERVACIONES,CRO_LENG as IDIOMA,  CRO_LOC as LOCALIZACIONEXPEDIENTE, CRO_AYT as NOMBREAYUNTAMIENTO, CRO_DAC as DIAACTUAL,CRO_MAC as MESACTUAL, CRO_AAC as ANOACTUAL,  EXP_ASU as ASUNTOEXPED , DNN_RCA AS REFCATASTRAL, ESI_NOM AS ESI,ECO_NOM AS ECO, PRV_NOM AS PROVINTERESADO, CRO_AAC AS ANOACTUALEXT, CRO_MAC AS MESACTUALEXT, CRO_DAC AS DIAACTUALEXT,TO_CHAR(SYSDATE,  ''dd/MM/yyyy'') AS FecActEsp,TO_CHAR(SYSDATE, ''dd/MM/yyyy'') AS FecActGal, EXP_OBS AS OBSERVACIONESEXPEDIENTE FROM V_CRO WHERE PRO_COD=? AND CRO_NUM=? AND TRA_COD=? AND CRO_OCU=? AND CRO_LENG=?', 0); 
INSERT INTO ESTRUCTURAINFORME (COD_ESTRUCTURA, COD_ENTIDADEINFORME, COD_PAI, CONSULTASQL, POSICION ) 
	VALUES (2, 1, 1, 'SELECT v_int.int_dce AS MAILINTERESADO,v_int.int_nom AS nombreinteresado, v_int.int_noc AS nombrecompleto, v_int.int_ap1 AS apellido1interesado, v_int.int_ap2 AS apellido2interesado, v_int.int_num AS numeroexpediente,v_int.int_domn AS domiciliointeresado, v_int.int_rol AS rolinteresado,v_int.int_nor AS normalizado,v_int.int_domnn AS domiciliononormalizado,v_int.int_pob AS poblacioninteresado, v_int.int_doc AS documento,v_int.int_tlf AS telefonointeresado, v_int.int_rca AS refcatastral, null AS esi,null AS eco, v_int.int_prv AS provinteresado, v_int.int_cpo as codpostalinteresado FROM v_int', 0); 
INSERT INTO ESTRUCTURAINFORME (COD_ESTRUCTURA, COD_ENTIDADEINFORME, COD_PAI, CONSULTASQL, POSICION ) 
	VALUES (5, 2, NULL, 'SELECT cro_dce as mailinteresado,cro_ocu AS ocurrencia, pro_cod AS codigoprocedimiento,pro_nom AS nombreprocedimiento, cro_eje AS ejercicio,cro_num AS numexpediente, tra_cod AS codtramite,tra_nom AS nombretramite, cro_fei AS fechainicio,cro_fef AS fechafinalizacion, usu_cod AS codusuario,usu_nom AS nombreusuario, utr_cod AS codutr,utr_nom AS nombreutr,cro_fip AS fechainicioplazo,cro_fli AS fechalimiteplazo,cro_ffp AS fechafinplazo,cro_obs AS observaciones, cro_leng AS idioma,cro_int AS nombreinteresado, cro_dom AS domiciliointeresado,cro_rol AS rolinteresado, cro_pbd AS poblacioninteresado,cro_loc AS localizacionexpediente, cro_ayt AS nombreayuntamiento,cro_nor AS normalizado, cro_domnn AS domiciliononormalizado,cro_pbdnn AS poblacionnonormalizado, cro_dac AS diaactual,cro_mac AS mesactual, cro_aac AS anoactual,cro_doc AS documento,exp_asu AS asuntoexped,TO_CHAR(SYSDATE, ''dd/MM/yyyy'') AS fecactesp,TO_CHAR(SYSDATE, ''dd/MM/yyyy'') AS fecactgal,dnn_rca AS refcatastral, esi_nom AS esi,eco_nom AS eco, prv_nom AS provinteresado, dnn_cpo as codpostalinteresado FROM v_croi WHERE pro_cod = ? AND cro_num = ? AND tra_cod = ? AND cro_ocu = ? AND cro_leng = ? AND cro_cin = ? AND cro_nvi = ?', 0);
INSERT INTO ESTRUCTURAINFORME (COD_ESTRUCTURA, COD_ENTIDADEINFORME, COD_PAI, CONSULTASQL, POSICION ) 
	VALUES (243, 4, NULL, 'SELECT V_CRO.CRO_NUM AS NUMEXPEDIENTE,V_CRO.CRO_EJE AS EJERCICIO,V_CRO.CRO_AYT AS NOMBREAYUNTAMIENTO FROM V_CRO  WHERE V_CRO.CRO_EJE =  2004  ORDER BY 1  ASC ', 0); 
Insert into ESTRUCTURAINFORME (COD_ESTRUCTURA,COD_ENTIDADEINFORME,COD_PAI,CONSULTASQL,POSICION) 
	values (86,20,null,'SELECT REG_FICH AS LISTAANEXOS,REG_INT AS NOMBREINTERESADO, REG_DOCSINT AS DOCUMENTOINTERESADO,LISTA_INTERESADOS AS LISTADOINTERESADOS,DOMICILIO_INTERESADO AS DOMICILIOINTERESADO, LISTA_DOCUMENTOS_INTERESADO AS DOCSINT, REG_ASU AS EXTRACTO,REG_UOR_VIS AS CODIGOVISIBLEUOR,REG_FEC AS FECHAENTRADA,REG_FED AS FECHAPRESENTACION,REG_USU AS NOMBREUSUARIORALIZOALTA,REG_UOR_NOM AS NOMBREUORDESTINO,REG_NUM AS NUMEROANOTACION,REG_DOC_NOM AS NOMBREDOCUMENTO,REG_REM_NOM AS NOMTIPOREMITENTE,REG_TRP_NOM AS NOMTIPOTRANSPORTE,REG_DOCSINT AS DOCSINT,REG_MOD AS MODO,REG_OBS AS OBSERVACIONES,REG_PRO AS PROCEDIMIENTO,REG_EXP AS EXPEDIENTE FROM table(ejecutaJustificante (?,?,?))',0);

-- Inserción de campos de informes por defecto.
Insert into CAMPOINFORME (CODIGO,NOME,CAMPO,TIPO,LONXITUDE,SELECTVALORES,FROMVALORES,WHEREVALORES,NOMEAS) values (20000,'NOMBRE USUARIO REALIZO ALTA','V_REG_JUS.REG_USU','A',40,null,null,null,'NOMBRE USUARIO RALIZO ALTA');
Insert into CAMPOINFORME (CODIGO,NOME,CAMPO,TIPO,LONXITUDE,SELECTVALORES,FROMVALORES,WHEREVALORES,NOMEAS) values (20001,'CODIGO VISIBLE UOR','V_REG_JUS.REG_UOR_VIS','A',6,null,null,null,'CODIGO VISIBLE UOR');
Insert into CAMPOINFORME (CODIGO,NOME,CAMPO,TIPO,LONXITUDE,SELECTVALORES,FROMVALORES,WHEREVALORES,NOMEAS) values (20002,'NOMBRE UOR DESTINO','V_REG_JUS.REG_UOR_NOM','A',80,null,null,null,'NOMBRE UOR DESTINO');
Insert into CAMPOINFORME (CODIGO,NOME,CAMPO,TIPO,LONXITUDE,SELECTVALORES,FROMVALORES,WHEREVALORES,NOMEAS) values (20003,'TIPO TRANSPORTE','V_REG_JUS.REG_TRP_NOM','A',45,null,null,null,'NOM TIPO TRANSPORTE');
Insert into CAMPOINFORME (CODIGO,NOME,CAMPO,TIPO,LONXITUDE,SELECTVALORES,FROMVALORES,WHEREVALORES,NOMEAS) values (20004,'TIPO REMITENTE','V_REG_JUS.REG_REM_NOM','A',50,null,null,null,'NOM TIPO REMITENTE');
Insert into CAMPOINFORME (CODIGO,NOME,CAMPO,TIPO,LONXITUDE,SELECTVALORES,FROMVALORES,WHEREVALORES,NOMEAS) values (20005,'OBSERVACIONES','V_REG_JUS.REG_OBS','A',999,null,null,null,'OBSERVACIONES');
Insert into CAMPOINFORME (CODIGO,NOME,CAMPO,TIPO,LONXITUDE,SELECTVALORES,FROMVALORES,WHEREVALORES,NOMEAS) values (20006,'NUMERO ANOTACION','V_REG_JUS.REG_NUM','A',81,null,null,null,'NUMERO ANOTACION');
Insert into CAMPOINFORME (CODIGO,NOME,CAMPO,TIPO,LONXITUDE,SELECTVALORES,FROMVALORES,WHEREVALORES,NOMEAS) values (20007,'MODO','V_REG_JUS.REG_MOD','A',21,null,null,null,'MODO');
Insert into CAMPOINFORME (CODIGO,NOME,CAMPO,TIPO,LONXITUDE,SELECTVALORES,FROMVALORES,WHEREVALORES,NOMEAS) values (20008,'NOMBRE INTERESADO','V_REG_JUS.REG_INT','A',154,null,null,null,'NOMBRE INTERESADO');
Insert into CAMPOINFORME (CODIGO,NOME,CAMPO,TIPO,LONXITUDE,SELECTVALORES,FROMVALORES,WHEREVALORES,NOMEAS) values (20009,'FECHA PRESENTACION/DOC','V_REG_JUS.REG_FED','A',10,null,null,null,'FECHA PRESENTACION');
Insert into CAMPOINFORME (CODIGO,NOME,CAMPO,TIPO,LONXITUDE,SELECTVALORES,FROMVALORES,WHEREVALORES,NOMEAS) values (20010,'FECHA ENTRADA','V_REG_JUS.REG_FEC','A',10,null,null,null,'FECHA ENTRADA');
Insert into CAMPOINFORME (CODIGO,NOME,CAMPO,TIPO,LONXITUDE,SELECTVALORES,FROMVALORES,WHEREVALORES,NOMEAS) values (20011,'DOMICILIO INTERESADO','V_REG_JUS.REG_DOM','A',240,null,null,null,'DOMICILIOINTERESADO');
Insert into CAMPOINFORME (CODIGO,NOME,CAMPO,TIPO,LONXITUDE,SELECTVALORES,FROMVALORES,WHEREVALORES,NOMEAS) values (20012,'TIPO DOCUMENTO PRESENTADO','V_REG_JUS.REG_DOC_NOM','A',50,null,null,null,'NOMBRE DOCUMENTO');
Insert into CAMPOINFORME (CODIGO,NOME,CAMPO,TIPO,LONXITUDE,SELECTVALORES,FROMVALORES,WHEREVALORES,NOMEAS) values (20013,'EXTRACTO','V_REG_JUS.REG_ASU','A',999,null,null,null,'EXTRACTO');
Insert into CAMPOINFORME (CODIGO,NOME,CAMPO,TIPO,LONXITUDE,SELECTVALORES,FROMVALORES,WHEREVALORES,NOMEAS) values (200010,'LISTADO DOCUMENTOS REGISTRO','V_REG_JUS.DOCS','A',999,null,null,null,'LISTADODOCREGISTRO');
Insert into CAMPOINFORME (CODIGO,NOME,CAMPO,TIPO,LONXITUDE,SELECTVALORES,FROMVALORES,WHEREVALORES,NOMEAS) values (20014,'LISTADO INTERESADOS','V_REG_INF.REG_USU','A',999,null,null,null,'LISTADOINTERESADOS');
Insert into CAMPOINFORME (CODIGO,NOME,CAMPO,TIPO,LONXITUDE,SELECTVALORES,FROMVALORES,WHEREVALORES,NOMEAS) values (20015,'LISTADO DOCUMENTOS INTERESADO','V_REG_JUS.REG_DOCSINT','A',9,null,null,null,'DOCSINT');
Insert into CAMPOINFORME (CODIGO,NOME,CAMPO,TIPO,LONXITUDE,SELECTVALORES,FROMVALORES,WHEREVALORES,NOMEAS) values (20016,'PROCEDIMIENTO','V_REG_JUS.REG_PRO','A',20,null,null,null,'PROCEDIMIENTO');
Insert into CAMPOINFORME (CODIGO,NOME,CAMPO,TIPO,LONXITUDE,SELECTVALORES,FROMVALORES,WHEREVALORES,NOMEAS) values (20017,'EXPEDIENTE','V_REG_INF.REG_EXP','A',15,null,null,null,'EXPEDIENTE');
Insert into CAMPOINFORME (CODIGO,NOME,CAMPO,TIPO,LONXITUDE,SELECTVALORES,FROMVALORES,WHEREVALORES,NOMEAS) values (20018,'DOCUMENTO INTERESADO','V_REG_JUS.REG_DOCSINT','A',9,null,null,null,'DOCUMENTOINTERESADO');
INSERT INTO CAMPOINFORME ( CODIGO, NOME, CAMPO, TIPO, LONXITUDE, SELECTVALORES, FROMVALORES, WHEREVALORES, NOMEAS ) VALUES (10067, 'LISTADO EXPEDIENTES RELACIÓN', 'V_CRO.USU', 'A', 999, NULL, NULL, NULL, 'LISTADOEXPEDIENTES'); 
INSERT INTO CAMPOINFORME ( CODIGO, NOME, CAMPO, TIPO, LONXITUDE, SELECTVALORES, FROMVALORES, WHEREVALORES, NOMEAS ) VALUES (10064, 'LISTADO INTERESADOS RELACIÓN', 'V_CRO.USU', 'A', 999, NULL, NULL, NULL, 'LISTADOINTERESADOS'); 
INSERT INTO CAMPOINFORME ( CODIGO, NOME, CAMPO, TIPO, LONXITUDE, SELECTVALORES, FROMVALORES, WHEREVALORES, NOMEAS ) VALUES (10065, 'LISTADO INTERESADOS CON DNI RELACIÓN', 'V_CRO.USU', 'A', 999, NULL, NULL, NULL, 'LISTADOINTERESADOSCONDNI'); 
INSERT INTO CAMPOINFORME ( CODIGO, NOME, CAMPO, TIPO, LONXITUDE, SELECTVALORES, FROMVALORES, WHEREVALORES, NOMEAS ) VALUES (10066, 'LISTADO INTERESADOS POR EXPEDIENTE RELACIÓN', 'V_CRO.USU', 'A', 999, NULL, NULL, NULL, 'LISTADOINTERESADOSXEXPEDIENTE'); 
INSERT INTO CAMPOINFORME ( CODIGO, NOME, CAMPO, TIPO, LONXITUDE, SELECTVALORES, FROMVALORES, WHEREVALORES, NOMEAS ) VALUES (10000, 'ESI', 'V_CRO.ESI_NOM', 'A', 10, NULL, NULL, NULL, 'ESI'); 
INSERT INTO CAMPOINFORME ( CODIGO, NOME, CAMPO, TIPO, LONXITUDE, SELECTVALORES, FROMVALORES, WHEREVALORES, NOMEAS ) VALUES (10001, 'Nombre Procedimiento', 'V_CRO.PRO_NOM', 'A', 255, NULL, NULL, NULL, 'NOMBREPROCEDIMIENTO'); 
INSERT INTO CAMPOINFORME ( CODIGO, NOME, CAMPO, TIPO, LONXITUDE, SELECTVALORES, FROMVALORES, WHEREVALORES, NOMEAS ) VALUES (10002, 'Ejercicio', 'V_CRO.CRO_EJE', 'N', 4, NULL, NULL, NULL, 'EJERCICIO'); 
INSERT INTO CAMPOINFORME ( CODIGO, NOME, CAMPO, TIPO, LONXITUDE, SELECTVALORES, FROMVALORES, WHEREVALORES, NOMEAS ) VALUES (10003, 'Num.Expediente', 'V_CRO.CRO_NUM', 'A', 30, NULL, NULL, NULL, 'NUMEXPEDIENTE'); 
INSERT INTO CAMPOINFORME ( CODIGO, NOME, CAMPO, TIPO, LONXITUDE, SELECTVALORES, FROMVALORES, WHEREVALORES, NOMEAS ) VALUES (10004, 'Cod.Tramite', 'V_CRO.TRA_COD', 'N', 4, NULL, NULL, NULL, 'CODTRAMITE'); 
INSERT INTO CAMPOINFORME ( CODIGO, NOME, CAMPO, TIPO, LONXITUDE, SELECTVALORES, FROMVALORES, WHEREVALORES, NOMEAS ) VALUES (10005, 'Nom.Tramite', 'V_CRO.TRA_NOM', 'A', 4000, NULL, NULL, NULL, 'NOMBRETRAMITE'); 
INSERT INTO CAMPOINFORME ( CODIGO, NOME, CAMPO, TIPO, LONXITUDE, SELECTVALORES, FROMVALORES, WHEREVALORES, NOMEAS ) VALUES (10006, 'Fecha Inicio', 'V_CRO.CRO_FEI', 'D', 10, NULL, NULL, NULL, 'FECHAINICIO'); 
INSERT INTO CAMPOINFORME ( CODIGO, NOME, CAMPO, TIPO, LONXITUDE, SELECTVALORES, FROMVALORES, WHEREVALORES, NOMEAS ) VALUES (10063, 'ECO', 'V_CRO.ECO_NOM', 'A', 10, NULL, NULL, NULL, 'ECO'); 
INSERT INTO CAMPOINFORME ( CODIGO, NOME, CAMPO, TIPO, LONXITUDE, SELECTVALORES, FROMVALORES, WHEREVALORES, NOMEAS ) VALUES (10007, 'Cod.Usuario', 'V_CRO.USU_COD', 'N', 4, NULL, NULL, NULL, 'CODUSUARIO'); 
INSERT INTO CAMPOINFORME ( CODIGO, NOME, CAMPO, TIPO, LONXITUDE, SELECTVALORES, FROMVALORES, WHEREVALORES, NOMEAS ) VALUES (10008, 'Nom.Usuario', 'V_CRO.USU_NOM', 'A', 255, NULL, NULL, NULL, 'NOMBREUSUARIO'); 
INSERT INTO CAMPOINFORME ( CODIGO, NOME, CAMPO, TIPO, LONXITUDE, SELECTVALORES, FROMVALORES, WHEREVALORES, NOMEAS ) VALUES (10009, 'Cod. Unidad Tramitadora', 'V_CRO.UTR_COD', 'N', 3, NULL, NULL, NULL, 'CODUTR'); 
INSERT INTO CAMPOINFORME ( CODIGO, NOME, CAMPO, TIPO, LONXITUDE, SELECTVALORES, FROMVALORES, WHEREVALORES, NOMEAS ) VALUES (10010, 'Nom. Unidad Tramitadora', 'V_CRO.UTR_NOM', 'A', 80, NULL, NULL, NULL, 'NOMBREUTR'); 
INSERT INTO CAMPOINFORME ( CODIGO, NOME, CAMPO, TIPO, LONXITUDE, SELECTVALORES, FROMVALORES, WHEREVALORES, NOMEAS ) VALUES (10011, 'Fecha Inicio Plazo', 'V_CRO.CRO_FIP', 'D', 10, NULL, NULL, NULL, 'FECHAINICIOPLAZO'); 
INSERT INTO CAMPOINFORME ( CODIGO, NOME, CAMPO, TIPO, LONXITUDE, SELECTVALORES, FROMVALORES, WHEREVALORES, NOMEAS ) VALUES (10012, 'Fecha Fin Plazo', 'V_CRO.CRO_FFP', 'D', 10, NULL, NULL, NULL, 'FECHAFINPLAZO'); 
INSERT INTO CAMPOINFORME ( CODIGO, NOME, CAMPO, TIPO, LONXITUDE, SELECTVALORES, FROMVALORES, WHEREVALORES, NOMEAS ) VALUES (10013, 'Observaciones', 'V_CRO.CRO_OBS', 'A', 1000, NULL, NULL, NULL, 'OBSERVACIONES'); 
INSERT INTO CAMPOINFORME ( CODIGO, NOME, CAMPO, TIPO, LONXITUDE, SELECTVALORES, FROMVALORES, WHEREVALORES, NOMEAS ) VALUES (10014, 'Idioma', 'V_CRO.CRO_LENG', 'A', 1, NULL, NULL, NULL, 'IDIOMA'); 
INSERT INTO CAMPOINFORME ( CODIGO, NOME, CAMPO, TIPO, LONXITUDE, SELECTVALORES, FROMVALORES, WHEREVALORES, NOMEAS ) VALUES (10015, 'Ocurrencia', 'V_CRO.CRO_OCU', 'N', 4, NULL, NULL, NULL, 'OCURRENCIA'); 
INSERT INTO CAMPOINFORME ( CODIGO, NOME, CAMPO, TIPO, LONXITUDE, SELECTVALORES, FROMVALORES, WHEREVALORES, NOMEAS ) VALUES (10016, 'DIA ACTUAL', 'V_CRO.CRO_DAC', 'A', 50, NULL, NULL, NULL, 'DIAACTUAL'); 
INSERT INTO CAMPOINFORME ( CODIGO, NOME, CAMPO, TIPO, LONXITUDE, SELECTVALORES, FROMVALORES, WHEREVALORES, NOMEAS ) VALUES (10017, 'MES ACTUAL', 'V_CRO.CRO_MAC', 'N', 2, NULL, NULL, NULL, 'MESACTUAL'); 
INSERT INTO CAMPOINFORME ( CODIGO, NOME, CAMPO, TIPO, LONXITUDE, SELECTVALORES, FROMVALORES, WHEREVALORES, NOMEAS ) VALUES (10018, 'AÑO ACTUAL', 'V_CRO.CRO_AAC', 'N', 4, NULL, NULL, NULL, 'ANOACTUAL'); 
INSERT INTO CAMPOINFORME ( CODIGO, NOME, CAMPO, TIPO, LONXITUDE, SELECTVALORES, FROMVALORES, WHEREVALORES, NOMEAS ) VALUES (10019, 'LOC.EXPEDIENTE', 'V_CRO.CRO_LOC', 'A', 999, NULL, NULL, NULL, 'LOCALIZACIONEXPEDIENTE'); 
INSERT INTO CAMPOINFORME ( CODIGO, NOME, CAMPO, TIPO, LONXITUDE, SELECTVALORES, FROMVALORES, WHEREVALORES, NOMEAS ) VALUES (10020, 'NOM.AYUNTAMIENTO', 'V_CRO.CRO_AYT', 'A', 999, NULL, NULL, NULL, 'NOMBREAYUNTAMIENTO'); 
INSERT INTO CAMPOINFORME ( CODIGO, NOME, CAMPO, TIPO, LONXITUDE, SELECTVALORES, FROMVALORES, WHEREVALORES, NOMEAS ) VALUES (10021, 'NUMERO EXP.', 'V_INT.INT_NUM', 'A', 30, NULL, NULL, NULL, 'NUMEROEXPEDIENTE'); 
INSERT INTO CAMPOINFORME ( CODIGO, NOME, CAMPO, TIPO, LONXITUDE, SELECTVALORES, FROMVALORES, WHEREVALORES, NOMEAS ) VALUES (10022, 'NOM.INTERESADO', 'V_INT.INT_NOM', 'A', 999, NULL, NULL, NULL, 'NOMBREINTERESADO'); 
INSERT INTO CAMPOINFORME ( CODIGO, NOME, CAMPO, TIPO, LONXITUDE, SELECTVALORES, FROMVALORES, WHEREVALORES, NOMEAS ) VALUES (10023, 'DOM.INTERESADO', 'V_INT.INT_DOMN', 'A', 999, NULL, NULL, NULL, 'DOMICILIOINTERESADO'); 
INSERT INTO CAMPOINFORME ( CODIGO, NOME, CAMPO, TIPO, LONXITUDE, SELECTVALORES, FROMVALORES, WHEREVALORES, NOMEAS ) VALUES (10024, 'NORMALIZADO', 'V_INT.INT_NOR', 'N', 1, NULL, NULL, NULL, 'NORMALIZADO'); 
INSERT INTO CAMPOINFORME ( CODIGO, NOME, CAMPO, TIPO, LONXITUDE, SELECTVALORES, FROMVALORES, WHEREVALORES, NOMEAS ) VALUES (10025, 'DOMNN.INTERESADO', 'V_INT.INT_DOMNN', 'A', 999, NULL, NULL, NULL, 'DOMICILIONONORMALIZADO'); 
INSERT INTO CAMPOINFORME ( CODIGO, NOME, CAMPO, TIPO, LONXITUDE, SELECTVALORES, FROMVALORES, WHEREVALORES, NOMEAS ) VALUES (10026, 'ROL INTERESADO', 'V_INT.INT_ROL', 'A', 100, NULL, NULL, NULL, 'ROLINTERESADO'); 
INSERT INTO CAMPOINFORME ( CODIGO, NOME, CAMPO, TIPO, LONXITUDE, SELECTVALORES, FROMVALORES, WHEREVALORES, NOMEAS ) VALUES (10027, 'POB.INTERESADO', 'V_INT.INT_POB', 'A', 999, NULL, NULL, NULL, 'POBLACIONINTERESADO'); 
INSERT INTO CAMPOINFORME ( CODIGO, NOME, CAMPO, TIPO, LONXITUDE, SELECTVALORES, FROMVALORES, WHEREVALORES, NOMEAS ) VALUES (10028, 'PROVINCIA INTERESADO', 'V_INT.INT_PRV', 'A', 10, NULL, NULL, NULL, 'PROVINTERESADO'); 
INSERT INTO CAMPOINFORME ( CODIGO, NOME, CAMPO, TIPO, LONXITUDE, SELECTVALORES, FROMVALORES, WHEREVALORES, NOMEAS ) VALUES (10029, 'NOMBRE PROCEDIMIENTO', 'V_CROI.PRO_NOM', 'A', 255, NULL, NULL, NULL, 'NOMBREPROCEDIMIENTO'); 
INSERT INTO CAMPOINFORME ( CODIGO, NOME, CAMPO, TIPO, LONXITUDE, SELECTVALORES, FROMVALORES, WHEREVALORES, NOMEAS ) VALUES (10030, 'EJERCICIO', 'V_CROI.CRO_EJE', 'N', 4, NULL, NULL, NULL, 'EJERCICIO'); 
INSERT INTO CAMPOINFORME ( CODIGO, NOME, CAMPO, TIPO, LONXITUDE, SELECTVALORES, FROMVALORES, WHEREVALORES, NOMEAS ) VALUES (10031, 'NUM.EXPEDIENTE', 'V_CROI.CRO_NUM', 'A', 30, NULL, NULL, NULL, 'NUMEXPEDIENTE'); 
INSERT INTO CAMPOINFORME ( CODIGO, NOME, CAMPO, TIPO, LONXITUDE, SELECTVALORES, FROMVALORES, WHEREVALORES, NOMEAS ) VALUES (10032, 'NOM.TRAMITE', 'V_CROI.TRA_NOM', 'A', 999, NULL, NULL, NULL, 'NOMBRETRAMITE'); 
INSERT INTO CAMPOINFORME ( CODIGO, NOME, CAMPO, TIPO, LONXITUDE, SELECTVALORES, FROMVALORES, WHEREVALORES, NOMEAS ) VALUES (10033, 'FECHA INICIO', 'V_CROI.CRO_FEI', 'D', 10, NULL, NULL, NULL, 'FECHAINICIO'); 
INSERT INTO CAMPOINFORME ( CODIGO, NOME, CAMPO, TIPO, LONXITUDE, SELECTVALORES, FROMVALORES, WHEREVALORES, NOMEAS ) VALUES (10034, 'NOM.USUARIO', 'V_CROI.USU_NOM', 'A', 999, NULL, NULL, NULL, 'NOMBREUSUARIO'); 
INSERT INTO CAMPOINFORME ( CODIGO, NOME, CAMPO, TIPO, LONXITUDE, SELECTVALORES, FROMVALORES, WHEREVALORES, NOMEAS ) VALUES (10035, 'FECHA INICIO PLAZO', 'V_CROI.CRO_FIP', 'D', 10, NULL, NULL, NULL, 'FECHAINICIOPLAZO'); 
INSERT INTO CAMPOINFORME ( CODIGO, NOME, CAMPO, TIPO, LONXITUDE, SELECTVALORES, FROMVALORES, WHEREVALORES, NOMEAS ) VALUES (10036, 'FECHA FIN PLAZO', 'V_CROI.CRO_FFP', 'D', 10, NULL, NULL, NULL, 'FECHAFINPLAZO'); 
INSERT INTO CAMPOINFORME ( CODIGO, NOME, CAMPO, TIPO, LONXITUDE, SELECTVALORES, FROMVALORES, WHEREVALORES, NOMEAS ) VALUES (10037, 'OBSERVACIONES', 'V_CROI.CRO_OBS', 'A', 999, NULL, NULL, NULL, 'OBSERVACIONES'); 
INSERT INTO CAMPOINFORME ( CODIGO, NOME, CAMPO, TIPO, LONXITUDE, SELECTVALORES, FROMVALORES, WHEREVALORES, NOMEAS ) VALUES (10038, 'IDIOMA', 'V_CROI.CRO_LENG', 'A', 1, NULL, NULL, NULL, 'IDIOMA'); 
INSERT INTO CAMPOINFORME ( CODIGO, NOME, CAMPO, TIPO, LONXITUDE, SELECTVALORES, FROMVALORES, WHEREVALORES, NOMEAS ) VALUES (10039, 'OCURRENCIA', 'V_CROI.CRO_OCU', 'N', 4, NULL, NULL, NULL, 'OCURRENCIA'); 
INSERT INTO CAMPOINFORME ( CODIGO, NOME, CAMPO, TIPO, LONXITUDE, SELECTVALORES, FROMVALORES, WHEREVALORES, NOMEAS ) VALUES (10040, 'FECHA LIMITE PLAZO', 'V_CROI.CRO_FLI', 'D', 10, NULL, NULL, NULL, 'FECHALIMITEPLAZO'); 
INSERT INTO CAMPOINFORME ( CODIGO, NOME, CAMPO, TIPO, LONXITUDE, SELECTVALORES, FROMVALORES, WHEREVALORES, NOMEAS ) VALUES (10041, 'LOC.EXPEDIENTE', 'V_CROI.CRO_LOC', 'A', 999, NULL, NULL, NULL, 'LOCALIZACIONEXPEDIENTE'); 
INSERT INTO CAMPOINFORME ( CODIGO, NOME, CAMPO, TIPO, LONXITUDE, SELECTVALORES, FROMVALORES, WHEREVALORES, NOMEAS ) VALUES (10042, 'NOM.AYUNTAMIENTO', 'V_CROI.CRO_AYT', 'A', 999, NULL, NULL, NULL, 'NOMBREAYUNTAMIENTO'); 
INSERT INTO CAMPOINFORME ( CODIGO, NOME, CAMPO, TIPO, LONXITUDE, SELECTVALORES, FROMVALORES, WHEREVALORES, NOMEAS ) VALUES (10043, 'NOM.INTERESADO', 'V_CROI.CRO_INT', 'A', 999, NULL, NULL, NULL, 'NOMBREINTERESADO'); 
INSERT INTO CAMPOINFORME ( CODIGO, NOME, CAMPO, TIPO, LONXITUDE, SELECTVALORES, FROMVALORES, WHEREVALORES, NOMEAS ) VALUES (10044, 'DOM.INTERESADO', 'V_CROI.CRO_DOM', 'A', 999, NULL, NULL, NULL, 'DOMICILIOINTERESADO'); 
INSERT INTO CAMPOINFORME ( CODIGO, NOME, CAMPO, TIPO, LONXITUDE, SELECTVALORES, FROMVALORES, WHEREVALORES, NOMEAS ) VALUES (10045, 'NORMALIZADO', 'V_CROI.CRO_NOR', 'N', 1, NULL, NULL, NULL, 'NORMALIZADO'); 
INSERT INTO CAMPOINFORME ( CODIGO, NOME, CAMPO, TIPO, LONXITUDE, SELECTVALORES, FROMVALORES, WHEREVALORES, NOMEAS ) VALUES (10046, 'DOMNN.INTERESADO', 'V_CROI.CRO_DOMNN', 'A', 999, NULL, NULL, NULL, 'DOMICILIONONORMALIZADO'); 
INSERT INTO CAMPOINFORME ( CODIGO, NOME, CAMPO, TIPO, LONXITUDE, SELECTVALORES, FROMVALORES, WHEREVALORES, NOMEAS ) VALUES (10047, 'ROL INTERESADO', 'V_CROI.CRO_ROL', 'A', 100, NULL, NULL, NULL, 'ROLINTERESADO'); 
INSERT INTO CAMPOINFORME ( CODIGO, NOME, CAMPO, TIPO, LONXITUDE, SELECTVALORES, FROMVALORES, WHEREVALORES, NOMEAS ) VALUES (10048, 'POB.INTERESADO', 'V_CROI.CRO_PBD', 'A', 999, NULL, NULL, NULL, 'POBLACIONINTERESADO'); 
INSERT INTO CAMPOINFORME ( CODIGO, NOME, CAMPO, TIPO, LONXITUDE, SELECTVALORES, FROMVALORES, WHEREVALORES, NOMEAS ) VALUES (10049, 'DIA ACTUAL', 'V_CROI.CRO_DAC', 'A', 50, NULL, NULL, NULL, 'DIAACTUAL'); 
INSERT INTO CAMPOINFORME ( CODIGO, NOME, CAMPO, TIPO, LONXITUDE, SELECTVALORES, FROMVALORES, WHEREVALORES, NOMEAS ) VALUES (10050, 'MES ACTUAL', 'V_CROI.CRO_MAC', 'N', 2, NULL, NULL, NULL, 'MESACTUAL'); 
INSERT INTO CAMPOINFORME ( CODIGO, NOME, CAMPO, TIPO, LONXITUDE, SELECTVALORES, FROMVALORES, WHEREVALORES, NOMEAS ) VALUES (10051, 'ANO ACTUAL', 'V_CROI.CRO_AAC', 'N', 4, NULL, NULL, NULL, 'ANOACTUAL'); 
INSERT INTO CAMPOINFORME ( CODIGO, NOME, CAMPO, TIPO, LONXITUDE, SELECTVALORES, FROMVALORES, WHEREVALORES, NOMEAS ) VALUES (10052, 'NOMBRE UNIDAD TRAMITADORA', 'V_CROI.UTR_NOM', 'A', 999, NULL, NULL, NULL, 'NOMBREUTR'); 
INSERT INTO CAMPOINFORME ( CODIGO, NOME, CAMPO, TIPO, LONXITUDE, SELECTVALORES, FROMVALORES, WHEREVALORES, NOMEAS ) VALUES (10053, 'DOCUMENTO', 'V_CROI.CRO_DOC', 'A', 10, NULL, NULL, NULL, 'DOCUMENTO'); 
INSERT INTO CAMPOINFORME ( CODIGO, NOME, CAMPO, TIPO, LONXITUDE, SELECTVALORES, FROMVALORES, WHEREVALORES, NOMEAS ) VALUES (10056, 'DOCUMENTO', 'V_INT.INT_DOC', 'A', 10, NULL, NULL, NULL, 'DOCUMENTO'); 
INSERT INTO CAMPOINFORME ( CODIGO, NOME, CAMPO, TIPO, LONXITUDE, SELECTVALORES, FROMVALORES, WHEREVALORES, NOMEAS ) VALUES (10057, 'ASUNTO EXPEDIENTE', 'V_CRO.EXP_ASU', 'A', 2000, NULL, NULL, NULL, 'ASUNTOEXPED'); 
INSERT INTO CAMPOINFORME ( CODIGO, NOME, CAMPO, TIPO, LONXITUDE, SELECTVALORES, FROMVALORES, WHEREVALORES, NOMEAS ) VALUES (10054, 'ASUNTO EXPEDIENTE', 'V_CROI.EXP_ASU', 'A', 2000, NULL, NULL, NULL, 'ASUNTOEXPED'); 
INSERT INTO CAMPOINFORME ( CODIGO, NOME, CAMPO, TIPO, LONXITUDE, SELECTVALORES, FROMVALORES, WHEREVALORES, NOMEAS ) VALUES (10055, 'TLFNO.INTERESADO', 'V_INT.INT_TLF', 'N', 9, NULL, NULL, NULL, 'TELEFONOINTERESADO'); 
INSERT INTO CAMPOINFORME ( CODIGO, NOME, CAMPO, TIPO, LONXITUDE, SELECTVALORES, FROMVALORES, WHEREVALORES, NOMEAS ) VALUES (10058, 'FECHA ACTUAL ESPAÑOL', 'V_CRO.USU', 'D', 10, NULL, NULL, NULL, 'FECACTESP'); 
INSERT INTO CAMPOINFORME ( CODIGO, NOME, CAMPO, TIPO, LONXITUDE, SELECTVALORES, FROMVALORES, WHEREVALORES, NOMEAS ) VALUES (10059, 'FECHA ACTUAL GALLEGO', 'V_CRO.USU', 'D', 10, NULL, NULL, NULL, 'FECACTGAL'); 
INSERT INTO CAMPOINFORME ( CODIGO, NOME, CAMPO, TIPO, LONXITUDE, SELECTVALORES, FROMVALORES, WHEREVALORES, NOMEAS ) VALUES (10060, 'REF. CATASTRAL', 'V_CRO.DNN_RCA', 'A', 20, NULL, NULL, NULL, 'REFCATASTRAL');
INSERT INTO CAMPOINFORME (CODIGO, NOME, CAMPO, TIPO, LONXITUDE, NOMEAS) VALUES (10061, 'CODIGO POSTAL', 'V_INT.INT_CPO', 'N', '10', 'CODPOSTALINTERESADO');
insert into CAMPOINFORME(CODIGO,NOME,CAMPO,TIPO,LONXITUDE,SELECTVALORES,FROMVALORES,WHEREVALORES,NOMEAS) values(10062,'FECHA ENTRADA EN REGISTRO','V_CRO.USU','D',10,null,null,null,'FECENTREGISTRO');
insert into CAMPOINFORME(CODIGO,NOME,CAMPO,TIPO,LONXITUDE,SELECTVALORES,FROMVALORES,WHEREVALORES,NOMEAS) values (10063,'NUMERO DE REGISTRO DE ENTRADA','V_CRO.USU','D',10,null,null,null,'NUMREGISTROENTRADA');
INSERT INTO CAMPOINFORME (CODIGO,NOME,CAMPO,TIPO,LONXITUDE,SELECTVALORES,FROMVALORES,WHEREVALORES,NOMEAS) values (10068,'OBSERVACIONES EXPEDIENTE', 'V_CRO.EXP_OBS', 'A', 2000, NULL, NULL, NULL, 'OBSERVACIONESEXPEDIENTE');
INSERT INTO CAMPOINFORME (CODIGO,NOME,CAMPO,TIPO,LONXITUDE,SELECTVALORES,FROMVALORES,WHEREVALORES,NOMEAS) values (10069,'OBSERVACIONES EXPEDIENTE', 'V_CROI.EXP_OBS', 'A', 2000, NULL, NULL, NULL, 'OBSERVACIONESEXPEDIENTE');

INSERT INTO CAMPOINFORME VALUES(10070,'OCURRENCIA TRAMITE','V_CRO.CRO_OCU', 'N',4,NULL,NULL,NULL,'OCURRENCIA');

INSERT INTO CAMPOINFORME VALUES(10071,'COD PROCEDIMIENTO','V_CRO.PRO_COD', 'A',999,NULL,NULL,NULL,'CODPROCEDIMIENTO');

INSERT INTO CAMPOINFORME VALUES(10072,'COD ORGANIZACION','V_CRO.COD_ORG', 'A',10,NULL,NULL,NULL,'CODORGANIZACION');


INSERT INTO CAMPOINFORME  VALUES(10073,'MAIL INTERESADO','V_CROI.CRO_DCE','A',999,NULL, NULL,NULL,'MAILINTERESADO') ;






commit;

-- Carga por defecto de los campos de las entidades para informes
INSERT INTO CAMPOENTIDADEINFORME (COD_ENTIDADEINFORME,COD_CAMPOINFORME) VALUES (1, 10021); 
INSERT INTO CAMPOENTIDADEINFORME (COD_ENTIDADEINFORME,COD_CAMPOINFORME) VALUES (1, 10022); 
INSERT INTO CAMPOENTIDADEINFORME (COD_ENTIDADEINFORME,COD_CAMPOINFORME) VALUES (1, 10023); 
INSERT INTO CAMPOENTIDADEINFORME (COD_ENTIDADEINFORME,COD_CAMPOINFORME) VALUES (1, 10024); 
INSERT INTO CAMPOENTIDADEINFORME (COD_ENTIDADEINFORME,COD_CAMPOINFORME) VALUES (1, 10025); 
INSERT INTO CAMPOENTIDADEINFORME (COD_ENTIDADEINFORME,COD_CAMPOINFORME) VALUES (1, 10026); 
INSERT INTO CAMPOENTIDADEINFORME (COD_ENTIDADEINFORME,COD_CAMPOINFORME) VALUES (1, 10027); 
INSERT INTO CAMPOENTIDADEINFORME (COD_ENTIDADEINFORME,COD_CAMPOINFORME) VALUES (1, 10056); 
INSERT INTO CAMPOENTIDADEINFORME (COD_ENTIDADEINFORME,COD_CAMPOINFORME) VALUES (1, 10055); 
INSERT INTO CAMPOENTIDADEINFORME (COD_ENTIDADEINFORME,COD_CAMPOINFORME) VALUES (1, 10068); 
INSERT INTO CAMPOENTIDADEINFORME (COD_ENTIDADEINFORME,COD_CAMPOINFORME) VALUES (2, 10029); 
INSERT INTO CAMPOENTIDADEINFORME (COD_ENTIDADEINFORME,COD_CAMPOINFORME) VALUES (2, 10030); 
INSERT INTO CAMPOENTIDADEINFORME (COD_ENTIDADEINFORME,COD_CAMPOINFORME) VALUES (2, 10031); 
INSERT INTO CAMPOENTIDADEINFORME (COD_ENTIDADEINFORME,COD_CAMPOINFORME) VALUES (2, 10032); 
INSERT INTO CAMPOENTIDADEINFORME (COD_ENTIDADEINFORME,COD_CAMPOINFORME) VALUES (2, 10033); 
INSERT INTO CAMPOENTIDADEINFORME (COD_ENTIDADEINFORME,COD_CAMPOINFORME) VALUES (2, 10034); 
INSERT INTO CAMPOENTIDADEINFORME (COD_ENTIDADEINFORME,COD_CAMPOINFORME) VALUES (2, 10035); 
INSERT INTO CAMPOENTIDADEINFORME (COD_ENTIDADEINFORME,COD_CAMPOINFORME) VALUES (2, 10036); 
INSERT INTO CAMPOENTIDADEINFORME (COD_ENTIDADEINFORME,COD_CAMPOINFORME) VALUES (2, 10037); 
INSERT INTO CAMPOENTIDADEINFORME (COD_ENTIDADEINFORME,COD_CAMPOINFORME) VALUES (2, 10038); 
INSERT INTO CAMPOENTIDADEINFORME (COD_ENTIDADEINFORME,COD_CAMPOINFORME) VALUES (2, 10039); 
INSERT INTO CAMPOENTIDADEINFORME (COD_ENTIDADEINFORME,COD_CAMPOINFORME) VALUES (2, 10040); 
INSERT INTO CAMPOENTIDADEINFORME (COD_ENTIDADEINFORME,COD_CAMPOINFORME) VALUES (2, 10041); 
INSERT INTO CAMPOENTIDADEINFORME (COD_ENTIDADEINFORME,COD_CAMPOINFORME) VALUES (2, 10042); 
INSERT INTO CAMPOENTIDADEINFORME (COD_ENTIDADEINFORME,COD_CAMPOINFORME) VALUES (2, 10043); 
INSERT INTO CAMPOENTIDADEINFORME (COD_ENTIDADEINFORME,COD_CAMPOINFORME) VALUES (2, 10044); 
INSERT INTO CAMPOENTIDADEINFORME (COD_ENTIDADEINFORME,COD_CAMPOINFORME) VALUES (2, 10045); 
INSERT INTO CAMPOENTIDADEINFORME (COD_ENTIDADEINFORME,COD_CAMPOINFORME) VALUES (2, 10046); 
INSERT INTO CAMPOENTIDADEINFORME (COD_ENTIDADEINFORME,COD_CAMPOINFORME) VALUES (2, 10047); 
INSERT INTO CAMPOENTIDADEINFORME (COD_ENTIDADEINFORME,COD_CAMPOINFORME) VALUES (2, 10048); 
INSERT INTO CAMPOENTIDADEINFORME (COD_ENTIDADEINFORME,COD_CAMPOINFORME) VALUES (2, 10049); 
INSERT INTO CAMPOENTIDADEINFORME (COD_ENTIDADEINFORME,COD_CAMPOINFORME) VALUES (2, 10050); 
INSERT INTO CAMPOENTIDADEINFORME (COD_ENTIDADEINFORME,COD_CAMPOINFORME) VALUES (2, 10051); 
INSERT INTO CAMPOENTIDADEINFORME (COD_ENTIDADEINFORME,COD_CAMPOINFORME) VALUES (2, 10052); 
INSERT INTO CAMPOENTIDADEINFORME (COD_ENTIDADEINFORME,COD_CAMPOINFORME) VALUES (2, 10053); 
INSERT INTO CAMPOENTIDADEINFORME (COD_ENTIDADEINFORME,COD_CAMPOINFORME) VALUES (2, 10054); 
INSERT INTO CAMPOENTIDADEINFORME (COD_ENTIDADEINFORME,COD_CAMPOINFORME) VALUES (4, 10001); 
INSERT INTO CAMPOENTIDADEINFORME (COD_ENTIDADEINFORME,COD_CAMPOINFORME) VALUES (4, 10002); 
INSERT INTO CAMPOENTIDADEINFORME (COD_ENTIDADEINFORME,COD_CAMPOINFORME) VALUES (4, 10003); 
INSERT INTO CAMPOENTIDADEINFORME (COD_ENTIDADEINFORME,COD_CAMPOINFORME) VALUES (4, 10004); 
INSERT INTO CAMPOENTIDADEINFORME (COD_ENTIDADEINFORME,COD_CAMPOINFORME) VALUES (4, 10005); 
INSERT INTO CAMPOENTIDADEINFORME (COD_ENTIDADEINFORME,COD_CAMPOINFORME) VALUES (4, 10006); 
INSERT INTO CAMPOENTIDADEINFORME (COD_ENTIDADEINFORME,COD_CAMPOINFORME) VALUES (4, 10007); 
INSERT INTO CAMPOENTIDADEINFORME (COD_ENTIDADEINFORME,COD_CAMPOINFORME) VALUES (4, 10008); 
INSERT INTO CAMPOENTIDADEINFORME (COD_ENTIDADEINFORME,COD_CAMPOINFORME) VALUES (4, 10009); 
INSERT INTO CAMPOENTIDADEINFORME (COD_ENTIDADEINFORME,COD_CAMPOINFORME) VALUES (4, 10010); 
INSERT INTO CAMPOENTIDADEINFORME (COD_ENTIDADEINFORME,COD_CAMPOINFORME) VALUES (4, 10011); 
INSERT INTO CAMPOENTIDADEINFORME (COD_ENTIDADEINFORME,COD_CAMPOINFORME) VALUES (4, 10012); 
INSERT INTO CAMPOENTIDADEINFORME (COD_ENTIDADEINFORME,COD_CAMPOINFORME) VALUES (4, 10013); 
INSERT INTO CAMPOENTIDADEINFORME (COD_ENTIDADEINFORME,COD_CAMPOINFORME) VALUES (4, 10014); 
INSERT INTO CAMPOENTIDADEINFORME (COD_ENTIDADEINFORME,COD_CAMPOINFORME) VALUES (4, 10015); 
INSERT INTO CAMPOENTIDADEINFORME (COD_ENTIDADEINFORME,COD_CAMPOINFORME) VALUES (4, 10016); 
INSERT INTO CAMPOENTIDADEINFORME (COD_ENTIDADEINFORME,COD_CAMPOINFORME) VALUES (4, 10017); 
INSERT INTO CAMPOENTIDADEINFORME (COD_ENTIDADEINFORME,COD_CAMPOINFORME) VALUES (4, 10018); 
INSERT INTO CAMPOENTIDADEINFORME (COD_ENTIDADEINFORME,COD_CAMPOINFORME) VALUES (4, 10019); 
INSERT INTO CAMPOENTIDADEINFORME (COD_ENTIDADEINFORME,COD_CAMPOINFORME) VALUES (4, 10020); 
INSERT INTO CAMPOENTIDADEINFORME (COD_ENTIDADEINFORME,COD_CAMPOINFORME) VALUES (4, 10057); 
Insert into CAMPOENTIDADEINFORME (COD_ENTIDADEINFORME,COD_CAMPOINFORME) values (20,20015);
Insert into CAMPOENTIDADEINFORME (COD_ENTIDADEINFORME,COD_CAMPOINFORME) values (20,20006);
Insert into CAMPOENTIDADEINFORME (COD_ENTIDADEINFORME,COD_CAMPOINFORME) values (20,20010);
Insert into CAMPOENTIDADEINFORME (COD_ENTIDADEINFORME,COD_CAMPOINFORME) values (20,20009);
Insert into CAMPOENTIDADEINFORME (COD_ENTIDADEINFORME,COD_CAMPOINFORME) values (20,20013);
Insert into CAMPOENTIDADEINFORME (COD_ENTIDADEINFORME,COD_CAMPOINFORME) values (20,20001);
Insert into CAMPOENTIDADEINFORME (COD_ENTIDADEINFORME,COD_CAMPOINFORME) values (20,20002);
Insert into CAMPOENTIDADEINFORME (COD_ENTIDADEINFORME,COD_CAMPOINFORME) values (20,20005);
Insert into CAMPOENTIDADEINFORME (COD_ENTIDADEINFORME,COD_CAMPOINFORME) values (20,20008);
Insert into CAMPOENTIDADEINFORME (COD_ENTIDADEINFORME,COD_CAMPOINFORME) values (20,20012);
Insert into CAMPOENTIDADEINFORME (COD_ENTIDADEINFORME,COD_CAMPOINFORME) values (20,20004);
Insert into CAMPOENTIDADEINFORME (COD_ENTIDADEINFORME,COD_CAMPOINFORME) values (20,20003);
Insert into CAMPOENTIDADEINFORME (COD_ENTIDADEINFORME,COD_CAMPOINFORME) values (20,20000);
Insert into CAMPOENTIDADEINFORME (COD_ENTIDADEINFORME,COD_CAMPOINFORME) values (20,20011);
Insert into CAMPOENTIDADEINFORME (COD_ENTIDADEINFORME,COD_CAMPOINFORME) values (20,20007);
Insert into CAMPOENTIDADEINFORME (COD_ENTIDADEINFORME,COD_CAMPOINFORME) values (20,20016);
Insert into CAMPOENTIDADEINFORME (COD_ENTIDADEINFORME,COD_CAMPOINFORME) values (20,20017);
Insert into CAMPOENTIDADEINFORME (COD_ENTIDADEINFORME,COD_CAMPOINFORME) values (20,20014);
Insert into CAMPOENTIDADEINFORME (COD_ENTIDADEINFORME,COD_CAMPOINFORME) values (20,20018);
insert into campoentidadeinforme VALUES ( 2,10073);

-- Carga por defecto para las entidades con subentidades
INSERT INTO ENTSUBENT ( COD_ENTSUBENT, COD_ENTIDADEINFORME, COD_PAI, TXT_CONDJOIN ) 
	VALUES (1, 4, NULL, NULL); 
INSERT INTO ENTSUBENT ( COD_ENTSUBENT, COD_ENTIDADEINFORME, COD_PAI, TXT_CONDJOIN ) 
	VALUES (2, 1, 1, NULL); 
Insert into ENTSUBENT ( COD_ENTSUBENT , COD_ENTIDADEINFORME , COD_PAI , TXT_CONDJOIN ) 
	values (61,20,null,null);

	
-- Carga por defecto para los campos de join
INSERT INTO CAMPOSJOIN ( CAMPO_ENT, CAMPO_SUBENT, OUTER_JOIN, COD_ESE) VALUES ('NUMEXPEDIENTE', 'NUMEROEXPEDIENTE', NULL, 2); 

-- Inserción por defecto de los campos que se presentan en cada informe.
Insert into CAMPOSELECCIONINFORME (COD_ESTRUCTURA,POSICION,COD_CAMPOINFORME,ANCHO) values (5,0,10000,null);
Insert into CAMPOSELECCIONINFORME (COD_ESTRUCTURA,POSICION,COD_CAMPOINFORME,ANCHO) values (5,1,10063,null);
Insert into CAMPOSELECCIONINFORME (COD_ESTRUCTURA,POSICION,COD_CAMPOINFORME,ANCHO) values (5,2,10029,null);
Insert into CAMPOSELECCIONINFORME (COD_ESTRUCTURA,POSICION,COD_CAMPOINFORME,ANCHO) values (5,3,10030,null);
Insert into CAMPOSELECCIONINFORME (COD_ESTRUCTURA,POSICION,COD_CAMPOINFORME,ANCHO) values (5,4,10031,null);
Insert into CAMPOSELECCIONINFORME (COD_ESTRUCTURA,POSICION,COD_CAMPOINFORME,ANCHO) values (5,5,10032,null);
Insert into CAMPOSELECCIONINFORME (COD_ESTRUCTURA,POSICION,COD_CAMPOINFORME,ANCHO) values (5,6,10033,null);
Insert into CAMPOSELECCIONINFORME (COD_ESTRUCTURA,POSICION,COD_CAMPOINFORME,ANCHO) values (5,7,10028,null);
Insert into CAMPOSELECCIONINFORME (COD_ESTRUCTURA,POSICION,COD_CAMPOINFORME,ANCHO) values (5,8,10034,null);
Insert into CAMPOSELECCIONINFORME (COD_ESTRUCTURA,POSICION,COD_CAMPOINFORME,ANCHO) values (5,9,10060,null);
Insert into CAMPOSELECCIONINFORME (COD_ESTRUCTURA,POSICION,COD_CAMPOINFORME,ANCHO) values (5,10,10061,null);
Insert into CAMPOSELECCIONINFORME (COD_ESTRUCTURA,POSICION,COD_CAMPOINFORME,ANCHO) values (5,11,10035,null);
Insert into CAMPOSELECCIONINFORME (COD_ESTRUCTURA,POSICION,COD_CAMPOINFORME,ANCHO) values (5,12,10036,null);
Insert into CAMPOSELECCIONINFORME (COD_ESTRUCTURA,POSICION,COD_CAMPOINFORME,ANCHO) values (5,13,10037,null);
Insert into CAMPOSELECCIONINFORME (COD_ESTRUCTURA,POSICION,COD_CAMPOINFORME,ANCHO) values (5,14,10040,null);
Insert into CAMPOSELECCIONINFORME (COD_ESTRUCTURA,POSICION,COD_CAMPOINFORME,ANCHO) values (5,15,10041,null);
Insert into CAMPOSELECCIONINFORME (COD_ESTRUCTURA,POSICION,COD_CAMPOINFORME,ANCHO) values (5,16,10042,null);
Insert into CAMPOSELECCIONINFORME (COD_ESTRUCTURA,POSICION,COD_CAMPOINFORME,ANCHO) values (5,17,10043,null);
Insert into CAMPOSELECCIONINFORME (COD_ESTRUCTURA,POSICION,COD_CAMPOINFORME,ANCHO) values (5,18,10044,null);
Insert into CAMPOSELECCIONINFORME (COD_ESTRUCTURA,POSICION,COD_CAMPOINFORME,ANCHO) values (5,19,10047,null);
Insert into CAMPOSELECCIONINFORME (COD_ESTRUCTURA,POSICION,COD_CAMPOINFORME,ANCHO) values (5,20,10048,null);
Insert into CAMPOSELECCIONINFORME (COD_ESTRUCTURA,POSICION,COD_CAMPOINFORME,ANCHO) values (5,21,10052,null);
Insert into CAMPOSELECCIONINFORME (COD_ESTRUCTURA,POSICION,COD_CAMPOINFORME,ANCHO) values (5,22,10053,null);
Insert into CAMPOSELECCIONINFORME (COD_ESTRUCTURA,POSICION,COD_CAMPOINFORME,ANCHO) values (5,23,10054,null);
Insert into CAMPOSELECCIONINFORME (COD_ESTRUCTURA,POSICION,COD_CAMPOINFORME,ANCHO) values (5,24,10058,null);
Insert into CAMPOSELECCIONINFORME (COD_ESTRUCTURA,POSICION,COD_CAMPOINFORME,ANCHO) values (5,25,10059,null);
insert into CAMPOSELECCIONINFORME(COD_ESTRUCTURA,POSICION,COD_CAMPOINFORME,ANCHO) values (5,99,10069,null);
INSERT INTO CAMPOSELECCIONINFORME VALUES ( 5,26 ,10073, NULL);
Insert into CAMPOSELECCIONINFORME (COD_ESTRUCTURA,POSICION,COD_CAMPOINFORME,ANCHO) values (243,0,10002,null);
Insert into CAMPOSELECCIONINFORME (COD_ESTRUCTURA,POSICION,COD_CAMPOINFORME,ANCHO) values (243,1,10003,null);
Insert into CAMPOSELECCIONINFORME (COD_ESTRUCTURA,POSICION,COD_CAMPOINFORME,ANCHO) values (243,2,10020,null);
Insert into CAMPOSELECCIONINFORME (COD_ESTRUCTURA,POSICION,COD_CAMPOINFORME,ANCHO) values (1,0,10001,null);
Insert into CAMPOSELECCIONINFORME (COD_ESTRUCTURA,POSICION,COD_CAMPOINFORME,ANCHO) values (1,1,10002,null);
Insert into CAMPOSELECCIONINFORME (COD_ESTRUCTURA,POSICION,COD_CAMPOINFORME,ANCHO) values (1,2,10003,null);
Insert into CAMPOSELECCIONINFORME (COD_ESTRUCTURA,POSICION,COD_CAMPOINFORME,ANCHO) values (1,3,10004,null);
Insert into CAMPOSELECCIONINFORME (COD_ESTRUCTURA,POSICION,COD_CAMPOINFORME,ANCHO) values (1,4,10005,null);
Insert into CAMPOSELECCIONINFORME (COD_ESTRUCTURA,POSICION,COD_CAMPOINFORME,ANCHO) values (1,5,10006,null);
Insert into CAMPOSELECCIONINFORME (COD_ESTRUCTURA,POSICION,COD_CAMPOINFORME,ANCHO) values (1,7,10063,null);
Insert into CAMPOSELECCIONINFORME (COD_ESTRUCTURA,POSICION,COD_CAMPOINFORME,ANCHO) values (1,8,10007,null);
Insert into CAMPOSELECCIONINFORME (COD_ESTRUCTURA,POSICION,COD_CAMPOINFORME,ANCHO) values (1,9,10008,null);
Insert into CAMPOSELECCIONINFORME (COD_ESTRUCTURA,POSICION,COD_CAMPOINFORME,ANCHO) values (1,10,10009,null);
Insert into CAMPOSELECCIONINFORME (COD_ESTRUCTURA,POSICION,COD_CAMPOINFORME,ANCHO) values (1,11,10010,null);
Insert into CAMPOSELECCIONINFORME (COD_ESTRUCTURA,POSICION,COD_CAMPOINFORME,ANCHO) values (1,12,10011,null);
Insert into CAMPOSELECCIONINFORME (COD_ESTRUCTURA,POSICION,COD_CAMPOINFORME,ANCHO) values (1,13,10012,null);
Insert into CAMPOSELECCIONINFORME (COD_ESTRUCTURA,POSICION,COD_CAMPOINFORME,ANCHO) values (1,20,10013,null);
Insert into CAMPOSELECCIONINFORME (COD_ESTRUCTURA,POSICION,COD_CAMPOINFORME,ANCHO) values (1,14,10019,null);
Insert into CAMPOSELECCIONINFORME (COD_ESTRUCTURA,POSICION,COD_CAMPOINFORME,ANCHO) values (1,15,10020,null);
Insert into CAMPOSELECCIONINFORME (COD_ESTRUCTURA,POSICION,COD_CAMPOINFORME,ANCHO) values (1,16,10057,null);
Insert into CAMPOSELECCIONINFORME (COD_ESTRUCTURA,POSICION,COD_CAMPOINFORME,ANCHO) values (1,17,10028,null);
Insert into CAMPOSELECCIONINFORME (COD_ESTRUCTURA,POSICION,COD_CAMPOINFORME,ANCHO) values (1,6,10000,null);
Insert into CAMPOSELECCIONINFORME (COD_ESTRUCTURA,POSICION,COD_CAMPOINFORME,ANCHO) values (1,18,10060,null);
Insert into CAMPOSELECCIONINFORME (COD_ESTRUCTURA,POSICION,COD_CAMPOINFORME,ANCHO) values (1,19,10059,null);
Insert into CAMPOSELECCIONINFORME (COD_ESTRUCTURA,POSICION,COD_CAMPOINFORME,ANCHO) values (1,21,10058,null);
insert into CAMPOSELECCIONINFORME(COD_ESTRUCTURA,POSICION,COD_CAMPOINFORME,ANCHO) values (1,22,10062,null);
insert into CAMPOSELECCIONINFORME(COD_ESTRUCTURA,POSICION,COD_CAMPOINFORME,ANCHO) values (1,23,10063,null);
insert into CAMPOSELECCIONINFORME(COD_ESTRUCTURA,POSICION,COD_CAMPOINFORME,ANCHO) values (1,24,10068,null);

insert into CAMPOSELECCIONINFORME(COD_ESTRUCTURA,POSICION,COD_CAMPOINFORME,ANCHO) values (1,25,10070,null);
insert into CAMPOSELECCIONINFORME(COD_ESTRUCTURA,POSICION,COD_CAMPOINFORME,ANCHO) values (1,26,10071,null);
insert into CAMPOSELECCIONINFORME(COD_ESTRUCTURA,POSICION,COD_CAMPOINFORME,ANCHO) values (1,27,10072,null);

Insert into CAMPOSELECCIONINFORME (COD_ESTRUCTURA,POSICION,COD_CAMPOINFORME,ANCHO) values (2,0,10021,null);
Insert into CAMPOSELECCIONINFORME (COD_ESTRUCTURA,POSICION,COD_CAMPOINFORME,ANCHO) values (7,0,10019,null);
Insert into CAMPOSELECCIONINFORME (COD_ESTRUCTURA,POSICION,COD_CAMPOINFORME,ANCHO) values (7,1,10020,null);
Insert into CAMPOSELECCIONINFORME (COD_ESTRUCTURA,POSICION,COD_CAMPOINFORME,ANCHO) values (7,2,10054,null);
Insert into CAMPOSELECCIONINFORME (COD_ESTRUCTURA,POSICION,COD_CAMPOINFORME,ANCHO) values (7,3,10058,null);
Insert into CAMPOSELECCIONINFORME (COD_ESTRUCTURA,POSICION,COD_CAMPOINFORME,ANCHO) values (7,4,10000,null);
Insert into CAMPOSELECCIONINFORME (COD_ESTRUCTURA,POSICION,COD_CAMPOINFORME,ANCHO) values (7,5,10067,null);
Insert into CAMPOSELECCIONINFORME (COD_ESTRUCTURA,POSICION,COD_CAMPOINFORME,ANCHO) values (7,6,10028,null);
Insert into CAMPOSELECCIONINFORME (COD_ESTRUCTURA,POSICION,COD_CAMPOINFORME,ANCHO) values (7,7,10060,null);
Insert into CAMPOSELECCIONINFORME (COD_ESTRUCTURA,POSICION,COD_CAMPOINFORME,ANCHO) values (7,8,10059,null);
Insert into CAMPOSELECCIONINFORME (COD_ESTRUCTURA,POSICION,COD_CAMPOINFORME,ANCHO) values (7,9,10063,null);
Insert into CAMPOSELECCIONINFORME (COD_ESTRUCTURA,POSICION,COD_CAMPOINFORME,ANCHO) values (7,11,10065,null);
Insert into CAMPOSELECCIONINFORME (COD_ESTRUCTURA,POSICION,COD_CAMPOINFORME,ANCHO) values (86,0,200010,null);
Insert into CAMPOSELECCIONINFORME (COD_ESTRUCTURA,POSICION,COD_CAMPOINFORME,ANCHO) values (86,1,20013,null);
Insert into CAMPOSELECCIONINFORME (COD_ESTRUCTURA,POSICION,COD_CAMPOINFORME,ANCHO) values (86,3,20001,null);
Insert into CAMPOSELECCIONINFORME (COD_ESTRUCTURA,POSICION,COD_CAMPOINFORME,ANCHO) values (86,4,20011,null);
Insert into CAMPOSELECCIONINFORME (COD_ESTRUCTURA,POSICION,COD_CAMPOINFORME,ANCHO) values (86,5,20010,null);
Insert into CAMPOSELECCIONINFORME (COD_ESTRUCTURA,POSICION,COD_CAMPOINFORME,ANCHO) values (86,6,20009,null);
Insert into CAMPOSELECCIONINFORME (COD_ESTRUCTURA,POSICION,COD_CAMPOINFORME,ANCHO) values (86,7,20007,null);
Insert into CAMPOSELECCIONINFORME (COD_ESTRUCTURA,POSICION,COD_CAMPOINFORME,ANCHO) values (86,8,20008,null);
Insert into CAMPOSELECCIONINFORME (COD_ESTRUCTURA,POSICION,COD_CAMPOINFORME,ANCHO) values (86,9,20002,null);
Insert into CAMPOSELECCIONINFORME (COD_ESTRUCTURA,POSICION,COD_CAMPOINFORME,ANCHO) values (86,10,20000,null);
Insert into CAMPOSELECCIONINFORME (COD_ESTRUCTURA,POSICION,COD_CAMPOINFORME,ANCHO) values (86,11,20006,null);
Insert into CAMPOSELECCIONINFORME (COD_ESTRUCTURA,POSICION,COD_CAMPOINFORME,ANCHO) values (86,12,20005,null);
Insert into CAMPOSELECCIONINFORME (COD_ESTRUCTURA,POSICION,COD_CAMPOINFORME,ANCHO) values (86,13,20012,null);
Insert into CAMPOSELECCIONINFORME (COD_ESTRUCTURA,POSICION,COD_CAMPOINFORME,ANCHO) values (86,14,20004,null);
Insert into CAMPOSELECCIONINFORME (COD_ESTRUCTURA,POSICION,COD_CAMPOINFORME,ANCHO) values (86,15,20003,null);
Insert into CAMPOSELECCIONINFORME (COD_ESTRUCTURA,POSICION,COD_CAMPOINFORME,ANCHO) values (86,16,20014,null);
Insert into CAMPOSELECCIONINFORME (COD_ESTRUCTURA,POSICION,COD_CAMPOINFORME,ANCHO) values (86,2,20015,null);
Insert into CAMPOSELECCIONINFORME (COD_ESTRUCTURA,POSICION,COD_CAMPOINFORME,ANCHO) values (86,20,20016,null);
Insert into CAMPOSELECCIONINFORME (COD_ESTRUCTURA,POSICION,COD_CAMPOINFORME,ANCHO) values (86,21,20017,null);
Insert into CAMPOSELECCIONINFORME (COD_ESTRUCTURA,POSICION,COD_CAMPOINFORME,ANCHO) values (86,22,20018,null);



	

-- TERCEROS Y TERRITORIO

-- Datos para el domicilio desconocido.
INSERT INTO T_DOM ( DOM_COD, DOM_NML ) VALUES ( 2, 2); 
INSERT INTO T_DNN ( DNN_DOM, DNN_TVI, DNN_PAI, DNN_PRV, DNN_MUN, DNN_VPA, DNN_VPR, DNN_VMU, DNN_VIA, DNN_SPA, DNN_SPR, DNN_SMU, DNN_ESI, DNN_NUD, DNN_LED, DNN_NUH, DNN_LEH, DNN_BLQ, DNN_POR, DNN_ESC, DNN_PLT, DNN_PTA, DNN_DMC, DNN_CPO, DNN_SIT, DNN_FAL, DNN_UAL, DNN_FBJ, DNN_UBJ, DNN_LUG, DNN_RCA ) 
	VALUES (2, NULL, 108, &cod_provincia, &cod_municipio, NULL, NULL, NULL, NULL, NULL, NULL, NULL, NULL, NULL, NULL, NULL, NULL, NULL, NULL, NULL, NULL, NULL, 'NO TIENE', NULL, 'A',  SYSDATE, 4, NULL, NULL, NULL, NULL); 


-- Tipos de documentos comunes.
INSERT INTO T_TID ( TID_COD, TID_DIN, TID_DUP, TID_PFI, TID_NML, TID_DES, TID_DG1, TID_TD1, TID_DG2, TID_TD2, TID_DG3, TID_TD3, TID_DG4, TID_TD4, TID_DG5, TID_TD5, TID_LMX, TID_TVA, TID_COD_ACCEDE ) 
	VALUES (6, 6, 0, 0, 0, 'NEMOTÉCNICO', 8, 'X', NULL, NULL, NULL, NULL, NULL, NULL, NULL, NULL, 12, '0', NULL); 
INSERT INTO T_TID ( TID_COD, TID_DIN, TID_DUP, TID_PFI, TID_NML, TID_DES, TID_DG1, TID_TD1, TID_DG2, TID_TD2, TID_DG3, TID_TD3, TID_DG4, TID_TD4, TID_DG5, TID_TD5, TID_LMX, TID_TVA, TID_COD_ACCEDE ) 
	VALUES (1, 1, 1, 1, 1, 'N.I.F.', 8, 'n', 1, 'a', NULL, NULL, NULL, NULL, NULL, NULL, 0, 'N', NULL); 
INSERT INTO T_TID ( TID_COD, TID_DIN, TID_DUP, TID_PFI, TID_NML, TID_DES, TID_DG1, TID_TD1, TID_DG2, TID_TD2, TID_DG3, TID_TD3, TID_DG4, TID_TD4, TID_DG5, TID_TD5, TID_LMX, TID_TVA, TID_COD_ACCEDE ) 
	VALUES (2, 2, 0, 1, 1, 'PASAPORTE', 8, 'n', NULL, NULL, NULL, NULL, NULL, NULL, NULL, NULL, 0, '0', NULL); 
INSERT INTO T_TID ( TID_COD, TID_DIN, TID_DUP, TID_PFI, TID_NML, TID_DES, TID_DG1, TID_TD1, TID_DG2, TID_TD2, TID_DG3, TID_TD3, TID_DG4, TID_TD4, TID_DG5, TID_TD5, TID_LMX, TID_TVA, TID_COD_ACCEDE ) 
	VALUES (3, 3, 0, 1, 0, 'TARJETA RESIDENCIA', 9, 'n', NULL, NULL, NULL, NULL, NULL, NULL, NULL, NULL, 60, '0', NULL); 
INSERT INTO T_TID ( TID_COD, TID_DIN, TID_DUP, TID_PFI, TID_NML, TID_DES, TID_DG1, TID_TD1, TID_DG2, TID_TD2, TID_DG3, TID_TD3, TID_DG4, TID_TD4, TID_DG5, TID_TD5, TID_LMX, TID_TVA, TID_COD_ACCEDE ) 
	VALUES (4, 4, 0, 0, 0, 'C.I.F.', 1, 'a', 8, 'x', NULL, NULL, NULL, NULL, NULL, NULL, 0, '0', NULL); 
INSERT INTO T_TID ( TID_COD, TID_DIN, TID_DUP, TID_PFI, TID_NML, TID_DES, TID_DG1, TID_TD1, TID_DG2, TID_TD2, TID_DG3, TID_TD3, TID_DG4, TID_TD4, TID_DG5, TID_TD5, TID_LMX, TID_TVA, TID_COD_ACCEDE ) 
	VALUES (0, 0, 0, 1, 0, 'SIN DOCUMENTO', 0, 'a', NULL, NULL, NULL, NULL, NULL, NULL, NULL, NULL, 0, '0', NULL); 
INSERT INTO T_TID ( TID_COD, TID_DIN, TID_DUP, TID_PFI, TID_NML, TID_DES, TID_DG1, TID_TD1, TID_DG2, TID_TD2, TID_DG3, TID_TD3, TID_DG4, TID_TD4, TID_DG5, TID_TD5, TID_LMX, TID_TVA, TID_COD_ACCEDE ) 
	VALUES (5, 5, 0, 0, 0, 'C.I.F. ENT. PUBLICA', 1, 'a', 8, 'x', NULL, NULL, NULL, NULL, NULL, NULL, 0, '0', NULL); 

-- Tipos de Vías por defecto
INSERT INTO T_TVI ( TVI_COD, TVI_ABR, TVI_DES ) VALUES (1, 'AD', 'ALDEA'); 
INSERT INTO T_TVI ( TVI_COD, TVI_ABR, TVI_DES ) VALUES (2, 'AG', 'AGREGADO'); 
INSERT INTO T_TVI ( TVI_COD, TVI_ABR, TVI_DES ) VALUES (3, 'AL', 'ALDEA, ALAMEDA'); 
INSERT INTO T_TVI ( TVI_COD, TVI_ABR, TVI_DES ) VALUES (4, 'AP', 'APARTAMENTO'); 
INSERT INTO T_TVI ( TVI_COD, TVI_ABR, TVI_DES ) VALUES (5, 'AR', 'AREA, ARRABAL'); 
INSERT INTO T_TVI ( TVI_COD, TVI_ABR, TVI_DES ) VALUES (6, 'AU', 'AUTOPISTA'); 
INSERT INTO T_TVI ( TVI_COD, TVI_ABR, TVI_DES ) VALUES (7, 'AV', 'AVENIDA'); 
INSERT INTO T_TVI ( TVI_COD, TVI_ABR, TVI_DES ) VALUES (8, 'AY', 'ARROYO'); 
INSERT INTO T_TVI ( TVI_COD, TVI_ABR, TVI_DES ) VALUES (9, 'BJ', 'BAJADA'); 
INSERT INTO T_TVI ( TVI_COD, TVI_ABR, TVI_DES ) VALUES (10, 'BL', 'BLOQUE'); 
INSERT INTO T_TVI ( TVI_COD, TVI_ABR, TVI_DES ) VALUES (11, 'BO', 'BARRIO'); 
INSERT INTO T_TVI ( TVI_COD, TVI_ABR, TVI_DES ) VALUES (12, 'BR', 'BARRANCO'); 
INSERT INTO T_TVI ( TVI_COD, TVI_ABR, TVI_DES ) VALUES (13, 'CA', 'CAÑADA'); 
INSERT INTO T_TVI ( TVI_COD, TVI_ABR, TVI_DES ) VALUES (14, 'CG', 'COLEGIO'); 
INSERT INTO T_TVI ( TVI_COD, TVI_ABR, TVI_DES ) VALUES (15, 'CH', 'CHALET'); 
INSERT INTO T_TVI ( TVI_COD, TVI_ABR, TVI_DES ) VALUES (16, 'CI', 'CINTURON'); 
INSERT INTO T_TVI ( TVI_COD, TVI_ABR, TVI_DES ) VALUES (17, 'CJ', 'CALLEJA, CALLEJON'); 
INSERT INTO T_TVI ( TVI_COD, TVI_ABR, TVI_DES ) VALUES (18, 'CL', 'CALLE'); 
INSERT INTO T_TVI ( TVI_COD, TVI_ABR, TVI_DES ) VALUES (19, 'DE', 'DETRAS'); 
INSERT INTO T_TVI ( TVI_COD, TVI_ABR, TVI_DES ) VALUES (20, 'DP', 'DIPUTACION'); 
INSERT INTO T_TVI ( TVI_COD, TVI_ABR, TVI_DES ) VALUES (21, 'DS', 'DISEMINADO'); 
INSERT INTO T_TVI ( TVI_COD, TVI_ABR, TVI_DES ) VALUES (22, 'ED', 'EDIFICIO'); 
INSERT INTO T_TVI ( TVI_COD, TVI_ABR, TVI_DES ) VALUES (23, 'EM', 'EXTRAMUROS'); 
INSERT INTO T_TVI ( TVI_COD, TVI_ABR, TVI_DES ) VALUES (24, 'EN', 'ENTRADA, ENSANCHE'); 
INSERT INTO T_TVI ( TVI_COD, TVI_ABR, TVI_DES ) VALUES (25, 'ER', 'EXTRARRADIO'); 
INSERT INTO T_TVI ( TVI_COD, TVI_ABR, TVI_DES ) VALUES (26, 'ES', 'ESCALINATA'); 
INSERT INTO T_TVI ( TVI_COD, TVI_ABR, TVI_DES ) VALUES (27, 'EX', 'EXPLANADA'); 
INSERT INTO T_TVI ( TVI_COD, TVI_ABR, TVI_DES ) VALUES (28, 'FO', 'FERROCARRIL'); 
INSERT INTO T_TVI ( TVI_COD, TVI_ABR, TVI_DES ) VALUES (29, 'FN', 'FINCA'); 
INSERT INTO T_TVI ( TVI_COD, TVI_ABR, TVI_DES ) VALUES (30, 'GL', 'GLORIETA'); 
INSERT INTO T_TVI ( TVI_COD, TVI_ABR, TVI_DES ) VALUES (31, 'GR', 'GRUPO'); 
INSERT INTO T_TVI ( TVI_COD, TVI_ABR, TVI_DES ) VALUES (32, 'GV', 'GRAN VIA'); 
INSERT INTO T_TVI ( TVI_COD, TVI_ABR, TVI_DES ) VALUES (33, 'HT', 'HUERTA HUERTO'); 
INSERT INTO T_TVI ( TVI_COD, TVI_ABR, TVI_DES ) VALUES (34, 'JR', 'JARDINES'); 
INSERT INTO T_TVI ( TVI_COD, TVI_ABR, TVI_DES ) VALUES (35, 'LD', 'LADO, LADERA'); 
INSERT INTO T_TVI ( TVI_COD, TVI_ABR, TVI_DES ) VALUES (36, 'LG', 'LUGAR'); 
INSERT INTO T_TVI ( TVI_COD, TVI_ABR, TVI_DES ) VALUES (37, 'CO', 'CONCEJO'); 
INSERT INTO T_TVI ( TVI_COD, TVI_ABR, TVI_DES ) VALUES (38, 'CP', 'CAMPO'); 
INSERT INTO T_TVI ( TVI_COD, TVI_ABR, TVI_DES ) VALUES (39, 'CR', 'CARRETERA'); 
INSERT INTO T_TVI ( TVI_COD, TVI_ABR, TVI_DES ) VALUES (40, 'CS', 'CASERIO'); 
INSERT INTO T_TVI ( TVI_COD, TVI_ABR, TVI_DES ) VALUES (41, 'CT', 'CUESTA,'); 
INSERT INTO T_TVI ( TVI_COD, TVI_ABR, TVI_DES ) VALUES (42, 'CU', 'CONJUNTO'); 
INSERT INTO T_TVI ( TVI_COD, TVI_ABR, TVI_DES ) VALUES (43, 'PD', 'PARTIDA'); 
INSERT INTO T_TVI ( TVI_COD, TVI_ABR, TVI_DES ) VALUES (44, 'PG', 'POLIGONO'); 
INSERT INTO T_TVI ( TVI_COD, TVI_ABR, TVI_DES ) VALUES (45, 'PJ', 'PASAJE,'); 
INSERT INTO T_TVI ( TVI_COD, TVI_ABR, TVI_DES ) VALUES (46, 'PM', 'PARAMO'); 
INSERT INTO T_TVI ( TVI_COD, TVI_ABR, TVI_DES ) VALUES (47, 'PQ', 'PARROQUIA PARQUE'); 
INSERT INTO T_TVI ( TVI_COD, TVI_ABR, TVI_DES ) VALUES (48, 'PR', 'PROLONGACION'); 
INSERT INTO T_TVI ( TVI_COD, TVI_ABR, TVI_DES ) VALUES (49, 'PS', 'PASEO'); 
INSERT INTO T_TVI ( TVI_COD, TVI_ABR, TVI_DES ) VALUES (50, 'PT', 'PUENTE'); 
INSERT INTO T_TVI ( TVI_COD, TVI_ABR, TVI_DES ) VALUES (51, 'PZ', 'PLAZA'); 
INSERT INTO T_TVI ( TVI_COD, TVI_ABR, TVI_DES ) VALUES (52, 'QT', 'QUINTA'); 
INSERT INTO T_TVI ( TVI_COD, TVI_ABR, TVI_DES ) VALUES (53, 'RB', 'RAMBLA'); 
INSERT INTO T_TVI ( TVI_COD, TVI_ABR, TVI_DES ) VALUES (54, 'RC', 'RINCON RINCONADA'); 
INSERT INTO T_TVI ( TVI_COD, TVI_ABR, TVI_DES ) VALUES (55, 'ML', 'MUELLE'); 
INSERT INTO T_TVI ( TVI_COD, TVI_ABR, TVI_DES ) VALUES (56, 'MN', 'MUNICIPIO'); 
INSERT INTO T_TVI ( TVI_COD, TVI_ABR, TVI_DES ) VALUES (57, 'MS', 'MASIAS'); 
INSERT INTO T_TVI ( TVI_COD, TVI_ABR, TVI_DES ) VALUES (58, 'MT', 'MONTE'); 
INSERT INTO T_TVI ( TVI_COD, TVI_ABR, TVI_DES ) VALUES (59, 'MZ', 'MANZANA'); 
INSERT INTO T_TVI ( TVI_COD, TVI_ABR, TVI_DES ) VALUES (60, 'PB', 'POBLADO'); 
INSERT INTO T_TVI ( TVI_COD, TVI_ABR, TVI_DES ) VALUES (61, 'RP', 'RAMPA'); 
INSERT INTO T_TVI ( TVI_COD, TVI_ABR, TVI_DES ) VALUES (62, 'RR', 'RIERA'); 
INSERT INTO T_TVI ( TVI_COD, TVI_ABR, TVI_DES ) VALUES (63, 'RU', 'RUA'); 
INSERT INTO T_TVI ( TVI_COD, TVI_ABR, TVI_DES ) VALUES (64, 'BA', 'BALIZA'); 
INSERT INTO T_TVI ( TVI_COD, TVI_ABR, TVI_DES ) VALUES (65, 'SD', 'SENDA'); 
INSERT INTO T_TVI ( TVI_COD, TVI_ABR, TVI_DES ) VALUES (66, 'SL', 'SOLAR'); 
INSERT INTO T_TVI ( TVI_COD, TVI_ABR, TVI_DES ) VALUES (67, 'SN', 'SALON'); 
INSERT INTO T_TVI ( TVI_COD, TVI_ABR, TVI_DES ) VALUES (68, 'SU', 'SUBIDA'); 
INSERT INTO T_TVI ( TVI_COD, TVI_ABR, TVI_DES ) VALUES (69, 'TN', 'TERRENOS'); 
INSERT INTO T_TVI ( TVI_COD, TVI_ABR, TVI_DES ) VALUES (70, 'TO', 'TORRENTE'); 
INSERT INTO T_TVI ( TVI_COD, TVI_ABR, TVI_DES ) VALUES (71, 'TR', 'TRAVESIA'); 
INSERT INTO T_TVI ( TVI_COD, TVI_ABR, TVI_DES ) VALUES (72, 'UR', 'URBANIZACION'); 
INSERT INTO T_TVI ( TVI_COD, TVI_ABR, TVI_DES ) VALUES (73, 'CM', 'CAMINO'); 
INSERT INTO T_TVI ( TVI_COD, TVI_ABR, TVI_DES ) VALUES (74, 'CN', 'COLONIA'); 
INSERT INTO T_TVI ( TVI_COD, TVI_ABR, TVI_DES ) VALUES (75, 'MC', 'MERCAT'); 
INSERT INTO T_TVI ( TVI_COD, TVI_ABR, TVI_DES ) VALUES (76, 'ME', 'MERCADO'); 
INSERT INTO T_TVI ( TVI_COD, TVI_ABR, TVI_DES ) VALUES (77, 'RD', 'RONDA'); 
INSERT INTO T_TVI ( TVI_COD, TVI_ABR, TVI_DES ) VALUES (78, 'RM', 'RAMAL'); 
INSERT INTO T_TVI ( TVI_COD, TVI_ABR, TVI_DES ) VALUES (0, 'SV', 'SIN TIPO VIA'); 
Insert into T_TVI (TVI_COD,TVI_ABR,TVI_DES) SELECT MAX(TVI_COD)+1,'ACCE','ACCES' FROM T_TVI;
Insert into T_TVI (TVI_COD,TVI_ABR,TVI_DES) SELECT MAX(TVI_COD)+1,'ACCES','ACCESO' FROM T_TVI;
Insert into T_TVI (TVI_COD,TVI_ABR,TVI_DES) SELECT MAX(TVI_COD)+1,'ACEQ','ACEQUIA' FROM T_TVI;
Insert into T_TVI (TVI_COD,TVI_ABR,TVI_DES) SELECT MAX(TVI_COD)+1,'ACERA','ACERA' FROM T_TVI;
Insert into T_TVI (TVI_COD,TVI_ABR,TVI_DES) SELECT MAX(TVI_COD)+1,'ALAM','ALAMEDA' FROM T_TVI;
Insert into T_TVI (TVI_COD,TVI_ABR,TVI_DES) SELECT MAX(TVI_COD)+1,'ALDAP','ALDAPA' FROM T_TVI;
Insert into T_TVI (TVI_COD,TVI_ABR,TVI_DES) SELECT MAX(TVI_COD)+1,'ALDEA','ALDEA' FROM T_TVI;
Insert into T_TVI (TVI_COD,TVI_ABR,TVI_DES) SELECT MAX(TVI_COD)+1,'ALQUE','ALQUERIA' FROM T_TVI;
Insert into T_TVI (TVI_COD,TVI_ABR,TVI_DES) SELECT MAX(TVI_COD)+1,'ALTO','ALTO' FROM T_TVI;
Insert into T_TVI (TVI_COD,TVI_ABR,TVI_DES) SELECT MAX(TVI_COD)+1,'ANDAD','ANDADOR' FROM T_TVI;
Insert into T_TVI (TVI_COD,TVI_ABR,TVI_DES) SELECT MAX(TVI_COD)+1,'ANGTA','ANGOSTA' FROM T_TVI;
Insert into T_TVI (TVI_COD,TVI_ABR,TVI_DES) SELECT MAX(TVI_COD)+1,'APTOS','APARTAMENTOS' FROM T_TVI;
Insert into T_TVI (TVI_COD,TVI_ABR,TVI_DES) SELECT MAX(TVI_COD)+1,'ARB','ARBOLEDA' FROM T_TVI;
Insert into T_TVI (TVI_COD,TVI_ABR,TVI_DES) SELECT MAX(TVI_COD)+1,'ARRAL','ARRABAL' FROM T_TVI;
Insert into T_TVI (TVI_COD,TVI_ABR,TVI_DES) SELECT MAX(TVI_COD)+1,'ARRY','ARROYO' FROM T_TVI;
Insert into T_TVI (TVI_COD,TVI_ABR,TVI_DES) SELECT MAX(TVI_COD)+1,'ASSEG','ASSEGADOR' FROM T_TVI;
Insert into T_TVI (TVI_COD,TVI_ABR,TVI_DES) SELECT MAX(TVI_COD)+1,'ATAJO','ATAJO' FROM T_TVI;
Insert into T_TVI (TVI_COD,TVI_ABR,TVI_DES) SELECT MAX(TVI_COD)+1,'ATAL','ATALL' FROM T_TVI;
Insert into T_TVI (TVI_COD,TVI_ABR,TVI_DES) SELECT MAX(TVI_COD)+1,'ATALL','ATALLO' FROM T_TVI;
Insert into T_TVI (TVI_COD,TVI_ABR,TVI_DES) SELECT MAX(TVI_COD)+1,'ATZUC','ATZUCAT' FROM T_TVI;
Insert into T_TVI (TVI_COD,TVI_ABR,TVI_DES) SELECT MAX(TVI_COD)+1,'AUTO','AUTOPISTA' FROM T_TVI;
Insert into T_TVI (TVI_COD,TVI_ABR,TVI_DES) SELECT MAX(TVI_COD)+1,'AUZO','AUZO' FROM T_TVI;
Insert into T_TVI (TVI_COD,TVI_ABR,TVI_DES) SELECT MAX(TVI_COD)+1,'AUZOT','AUZOTEGI' FROM T_TVI;
Insert into T_TVI (TVI_COD,TVI_ABR,TVI_DES) SELECT MAX(TVI_COD)+1,'AUZUN','AUZUNEA' FROM T_TVI;
Insert into T_TVI (TVI_COD,TVI_ABR,TVI_DES) SELECT MAX(TVI_COD)+1,'AV','AVINGUDA' FROM T_TVI;
Insert into T_TVI (TVI_COD,TVI_ABR,TVI_DES) SELECT MAX(TVI_COD)+1,'AVDA','AVENIDA' FROM T_TVI;
Insert into T_TVI (TVI_COD,TVI_ABR,TVI_DES) SELECT MAX(TVI_COD)+1,'AVIA','AUTOVIA' FROM T_TVI;
Insert into T_TVI (TVI_COD,TVI_ABR,TVI_DES) SELECT MAX(TVI_COD)+1,'BARDA','BARRIADA' FROM T_TVI;
Insert into T_TVI (TVI_COD,TVI_ABR,TVI_DES) SELECT MAX(TVI_COD)+1,'BARRI','BARRI' FROM T_TVI;
Insert into T_TVI (TVI_COD,TVI_ABR,TVI_DES) SELECT MAX(TVI_COD)+1,'BARRO','BARRIO' FROM T_TVI;
Insert into T_TVI (TVI_COD,TVI_ABR,TVI_DES) SELECT MAX(TVI_COD)+1,'BDA','BAIXADA' FROM T_TVI;
Insert into T_TVI (TVI_COD,TVI_ABR,TVI_DES) SELECT MAX(TVI_COD)+1,'BELNA','BELENA' FROM T_TVI;
Insert into T_TVI (TVI_COD,TVI_ABR,TVI_DES) SELECT MAX(TVI_COD)+1,'BIDE','BIDE' FROM T_TVI;
Insert into T_TVI (TVI_COD,TVI_ABR,TVI_DES) SELECT MAX(TVI_COD)+1,'BIDEB','BIDEBIETA' FROM T_TVI;
Insert into T_TVI (TVI_COD,TVI_ABR,TVI_DES) SELECT MAX(TVI_COD)+1,'BJADA','BAJADA' FROM T_TVI;
Insert into T_TVI (TVI_COD,TVI_ABR,TVI_DES) SELECT MAX(TVI_COD)+1,'BLQUE','BLOQUE' FROM T_TVI;
Insert into T_TVI (TVI_COD,TVI_ABR,TVI_DES) SELECT MAX(TVI_COD)+1,'BRANC','BARRANCO' FROM T_TVI;
Insert into T_TVI (TVI_COD,TVI_ABR,TVI_DES) SELECT MAX(TVI_COD)+1,'BRDLA','BARREDUELA' FROM T_TVI;
Insert into T_TVI (TVI_COD,TVI_ABR,TVI_DES) SELECT MAX(TVI_COD)+1,'BRZAL','BRAZAL' FROM T_TVI;
Insert into T_TVI (TVI_COD,TVI_ABR,TVI_DES) SELECT MAX(TVI_COD)+1,'BULEV','BULEVAR' FROM T_TVI;
Insert into T_TVI (TVI_COD,TVI_ABR,TVI_DES) SELECT MAX(TVI_COD)+1,'C','CARRER' FROM T_TVI;
Insert into T_TVI (TVI_COD,TVI_ABR,TVI_DES) SELECT MAX(TVI_COD)+1,'C.H.','CMNO HONDO' FROM T_TVI;
Insert into T_TVI (TVI_COD,TVI_ABR,TVI_DES) SELECT MAX(TVI_COD)+1,'C.N.','CMNO NUEVO' FROM T_TVI;
Insert into T_TVI (TVI_COD,TVI_ABR,TVI_DES) SELECT MAX(TVI_COD)+1,'C.V.','CMNO VIEJO' FROM T_TVI;
Insert into T_TVI (TVI_COD,TVI_ABR,TVI_DES) SELECT MAX(TVI_COD)+1,'CÑADA','CAÑADA' FROM T_TVI;
Insert into T_TVI (TVI_COD,TVI_ABR,TVI_DES) SELECT MAX(TVI_COD)+1,'CALLE','CALLE' FROM T_TVI;
Insert into T_TVI (TVI_COD,TVI_ABR,TVI_DES) SELECT MAX(TVI_COD)+1,'CAMI','CAMI' FROM T_TVI;
Insert into T_TVI (TVI_COD,TVI_ABR,TVI_DES) SELECT MAX(TVI_COD)+1,'CAMIN','CAMIN' FROM T_TVI;
Insert into T_TVI (TVI_COD,TVI_ABR,TVI_DES) SELECT MAX(TVI_COD)+1,'CAMPA','CAMPA' FROM T_TVI;
Insert into T_TVI (TVI_COD,TVI_ABR,TVI_DES) SELECT MAX(TVI_COD)+1,'CANÑO','CANTIÑO' FROM T_TVI;
Insert into T_TVI (TVI_COD,TVI_ABR,TVI_DES) SELECT MAX(TVI_COD)+1,'CANAL','CANAL' FROM T_TVI;
Insert into T_TVI (TVI_COD,TVI_ABR,TVI_DES) SELECT MAX(TVI_COD)+1,'CANT','CANTON' FROM T_TVI;
Insert into T_TVI (TVI_COD,TVI_ABR,TVI_DES) SELECT MAX(TVI_COD)+1,'CANTO','CANTO' FROM T_TVI;
Insert into T_TVI (TVI_COD,TVI_ABR,TVI_DES) SELECT MAX(TVI_COD)+1,'CARRA','CARRERADA' FROM T_TVI;
Insert into T_TVI (TVI_COD,TVI_ABR,TVI_DES) SELECT MAX(TVI_COD)+1,'CARRY','CARRERANY' FROM T_TVI;
Insert into T_TVI (TVI_COD,TVI_ABR,TVI_DES) SELECT MAX(TVI_COD)+1,'CBTIZ','COBERTIZO' FROM T_TVI;
Insert into T_TVI (TVI_COD,TVI_ABR,TVI_DES) SELECT MAX(TVI_COD)+1,'CELLA','CANELLA' FROM T_TVI;
Insert into T_TVI (TVI_COD,TVI_ABR,TVI_DES) SELECT MAX(TVI_COD)+1,'CELLA','CANELLON' FROM T_TVI;
Insert into T_TVI (TVI_COD,TVI_ABR,TVI_DES) SELECT MAX(TVI_COD)+1,'CERRO','CERRO' FROM T_TVI;
Insert into T_TVI (TVI_COD,TVI_ABR,TVI_DES) SELECT MAX(TVI_COD)+1,'CINT','CINTURO' FROM T_TVI;
Insert into T_TVI (TVI_COD,TVI_ABR,TVI_DES) SELECT MAX(TVI_COD)+1,'CINY','CINYELL' FROM T_TVI;
Insert into T_TVI (TVI_COD,TVI_ABR,TVI_DES) SELECT MAX(TVI_COD)+1,'CIRCU','CIRCUMVAL.LACIO' FROM T_TVI;
Insert into T_TVI (TVI_COD,TVI_ABR,TVI_DES) SELECT MAX(TVI_COD)+1,'CJLA','CALLEJUELA' FROM T_TVI;
Insert into T_TVI (TVI_COD,TVI_ABR,TVI_DES) SELECT MAX(TVI_COD)+1,'CJTO','CONJUNTO' FROM T_TVI;
Insert into T_TVI (TVI_COD,TVI_ABR,TVI_DES) SELECT MAX(TVI_COD)+1,'CLEYA','CALEYA' FROM T_TVI;
Insert into T_TVI (TVI_COD,TVI_ABR,TVI_DES) SELECT MAX(TVI_COD)+1,'CLLJA','CALLEJA' FROM T_TVI;
Insert into T_TVI (TVI_COD,TVI_ABR,TVI_DES) SELECT MAX(TVI_COD)+1,'CLLON','CALLEJON' FROM T_TVI;
Insert into T_TVI (TVI_COD,TVI_ABR,TVI_DES) SELECT MAX(TVI_COD)+1,'CLLZO','CALLIZO' FROM T_TVI;
Insert into T_TVI (TVI_COD,TVI_ABR,TVI_DES) SELECT MAX(TVI_COD)+1,'CLYON','CALEYON' FROM T_TVI;
Insert into T_TVI (TVI_COD,TVI_ABR,TVI_DES) SELECT MAX(TVI_COD)+1,'CMÑO','CAMIÑO' FROM T_TVI;
Insert into T_TVI (TVI_COD,TVI_ABR,TVI_DES) SELECT MAX(TVI_COD)+1,'CMNO','CAMINO' FROM T_TVI;
Insert into T_TVI (TVI_COD,TVI_ABR,TVI_DES) SELECT MAX(TVI_COD)+1,'COL','COLONIA' FROM T_TVI;
Insert into T_TVI (TVI_COD,TVI_ABR,TVI_DES) SELECT MAX(TVI_COD)+1,'COMPJ','COMPLEJO' FROM T_TVI;
Insert into T_TVI (TVI_COD,TVI_ABR,TVI_DES) SELECT MAX(TVI_COD)+1,'COMPX','COMPLEXO' FROM T_TVI;
Insert into T_TVI (TVI_COD,TVI_ABR,TVI_DES) SELECT MAX(TVI_COD)+1,'COSTA','COSTA' FROM T_TVI;
Insert into T_TVI (TVI_COD,TVI_ABR,TVI_DES) SELECT MAX(TVI_COD)+1,'CRA','CARRERA' FROM T_TVI;
Insert into T_TVI (TVI_COD,TVI_ABR,TVI_DES) SELECT MAX(TVI_COD)+1,'CRLLO','CORRILLO' FROM T_TVI;
Insert into T_TVI (TVI_COD,TVI_ABR,TVI_DES) SELECT MAX(TVI_COD)+1,'CRO','CARRERO' FROM T_TVI;
Insert into T_TVI (TVI_COD,TVI_ABR,TVI_DES) SELECT MAX(TVI_COD)+1,'CRRAL','CORRALO' FROM T_TVI;
Insert into T_TVI (TVI_COD,TVI_ABR,TVI_DES) SELECT MAX(TVI_COD)+1,'CRRCI','CORREDORCILLO' FROM T_TVI;
Insert into T_TVI (TVI_COD,TVI_ABR,TVI_DES) SELECT MAX(TVI_COD)+1,'CRRDA','CORREDOIRA' FROM T_TVI;
Insert into T_TVI (TVI_COD,TVI_ABR,TVI_DES) SELECT MAX(TVI_COD)+1,'CRRDE','CORREDERA' FROM T_TVI;
Insert into T_TVI (TVI_COD,TVI_ABR,TVI_DES) SELECT MAX(TVI_COD)+1,'CRRDO','CORREDOR' FROM T_TVI;
Insert into T_TVI (TVI_COD,TVI_ABR,TVI_DES) SELECT MAX(TVI_COD)+1,'CRRIL','CARRIL' FROM T_TVI;
Insert into T_TVI (TVI_COD,TVI_ABR,TVI_DES) SELECT MAX(TVI_COD)+1,'CRRLO','CORRALILLO' FROM T_TVI;
Insert into T_TVI (TVI_COD,TVI_ABR,TVI_DES) SELECT MAX(TVI_COD)+1,'CRROL','CORRIOL' FROM T_TVI;
Insert into T_TVI (TVI_COD,TVI_ABR,TVI_DES) SELECT MAX(TVI_COD)+1,'CRTIL','CARRETIL' FROM T_TVI;
Insert into T_TVI (TVI_COD,TVI_ABR,TVI_DES) SELECT MAX(TVI_COD)+1,'CRTJO','CORTIJO' FROM T_TVI;
Insert into T_TVI (TVI_COD,TVI_ABR,TVI_DES) SELECT MAX(TVI_COD)+1,'CSRIO','CASERIO' FROM T_TVI;
Insert into T_TVI (TVI_COD,TVI_ABR,TVI_DES) SELECT MAX(TVI_COD)+1,'CSTAN','COSTANILLA' FROM T_TVI;
Insert into T_TVI (TVI_COD,TVI_ABR,TVI_DES) SELECT MAX(TVI_COD)+1,'CTRA','CARRETERA' FROM T_TVI;
Insert into T_TVI (TVI_COD,TVI_ABR,TVI_DES) SELECT MAX(TVI_COD)+1,'CTRIN','CARRETERIN' FROM T_TVI;
Insert into T_TVI (TVI_COD,TVI_ABR,TVI_DES) SELECT MAX(TVI_COD)+1,'CUSTA','CUESTA' FROM T_TVI;
Insert into T_TVI (TVI_COD,TVI_ABR,TVI_DES) SELECT MAX(TVI_COD)+1,'CXON','CALEXON' FROM T_TVI;
Insert into T_TVI (TVI_COD,TVI_ABR,TVI_DES) SELECT MAX(TVI_COD)+1,'CXTO','CONXUNTO' FROM T_TVI;
Insert into T_TVI (TVI_COD,TVI_ABR,TVI_DES) SELECT MAX(TVI_COD)+1,'CZADA','CALZADA' FROM T_TVI;
Insert into T_TVI (TVI_COD,TVI_ABR,TVI_DES) SELECT MAX(TVI_COD)+1,'CZADS','CALZADAS' FROM T_TVI;
Insert into T_TVI (TVI_COD,TVI_ABR,TVI_DES) SELECT MAX(TVI_COD)+1,'DEMAR','DEMARCACIO' FROM T_TVI;
Insert into T_TVI (TVI_COD,TVI_ABR,TVI_DES) SELECT MAX(TVI_COD)+1,'DEMAR','DEMARCACION' FROM T_TVI;
Insert into T_TVI (TVI_COD,TVI_ABR,TVI_DES) SELECT MAX(TVI_COD)+1,'DRERA','DRECERA' FROM T_TVI;
Insert into T_TVI (TVI_COD,TVI_ABR,TVI_DES) SELECT MAX(TVI_COD)+1,'EIRAD','EIRADO' FROM T_TVI;
Insert into T_TVI (TVI_COD,TVI_ABR,TVI_DES) SELECT MAX(TVI_COD)+1,'ENTD','ENTRADA' FROM T_TVI;
Insert into T_TVI (TVI_COD,TVI_ABR,TVI_DES) SELECT MAX(TVI_COD)+1,'EPTZA','ENPARANTZA' FROM T_TVI;
Insert into T_TVI (TVI_COD,TVI_ABR,TVI_DES) SELECT MAX(TVI_COD)+1,'ERREB','ERREBAL' FROM T_TVI;
Insert into T_TVI (TVI_COD,TVI_ABR,TVI_DES) SELECT MAX(TVI_COD)+1,'ERREK','ERREKA' FROM T_TVI;
Insert into T_TVI (TVI_COD,TVI_ABR,TVI_DES) SELECT MAX(TVI_COD)+1,'ERREP','ERREPIDE' FROM T_TVI;
Insert into T_TVI (TVI_COD,TVI_ABR,TVI_DES) SELECT MAX(TVI_COD)+1,'ERRIB','ERRIBERA' FROM T_TVI;
Insert into T_TVI (TVI_COD,TVI_ABR,TVI_DES) SELECT MAX(TVI_COD)+1,'ESCA','ESCALERA' FROM T_TVI;
Insert into T_TVI (TVI_COD,TVI_ABR,TVI_DES) SELECT MAX(TVI_COD)+1,'ESCAL','ESCALINATA' FROM T_TVI;
Insert into T_TVI (TVI_COD,TVI_ABR,TVI_DES) SELECT MAX(TVI_COD)+1,'ESLDA','ESPALDA' FROM T_TVI;
Insert into T_TVI (TVI_COD,TVI_ABR,TVI_DES) SELECT MAX(TVI_COD)+1,'ESTDA','ESTRADA' FROM T_TVI;
Insert into T_TVI (TVI_COD,TVI_ABR,TVI_DES) SELECT MAX(TVI_COD)+1,'ETDEA','ETORBIDE' FROM T_TVI;
Insert into T_TVI (TVI_COD,TVI_ABR,TVI_DES) SELECT MAX(TVI_COD)+1,'ETXAD','ETXADI' FROM T_TVI;
Insert into T_TVI (TVI_COD,TVI_ABR,TVI_DES) SELECT MAX(TVI_COD)+1,'ETXAR','ETXARTE' FROM T_TVI;
Insert into T_TVI (TVI_COD,TVI_ABR,TVI_DES) SELECT MAX(TVI_COD)+1,'EXPLA','EXPLANADA' FROM T_TVI;
Insert into T_TVI (TVI_COD,TVI_ABR,TVI_DES) SELECT MAX(TVI_COD)+1,'EXTRM','EXTRAMUROS' FROM T_TVI;
Insert into T_TVI (TVI_COD,TVI_ABR,TVI_DES) SELECT MAX(TVI_COD)+1,'EXTRR','EXTRARRADIO' FROM T_TVI;
Insert into T_TVI (TVI_COD,TVI_ABR,TVI_DES) SELECT MAX(TVI_COD)+1,'FALDA','FALDA' FROM T_TVI;
Insert into T_TVI (TVI_COD,TVI_ABR,TVI_DES) SELECT MAX(TVI_COD)+1,'FINCA','FINCA' FROM T_TVI;
Insert into T_TVI (TVI_COD,TVI_ABR,TVI_DES) SELECT MAX(TVI_COD)+1,'G.V.','GRAN VIA' FROM T_TVI;
Insert into T_TVI (TVI_COD,TVI_ABR,TVI_DES) SELECT MAX(TVI_COD)+1,'GAIN','GAIN' FROM T_TVI;
Insert into T_TVI (TVI_COD,TVI_ABR,TVI_DES) SELECT MAX(TVI_COD)+1,'GALE','GALERIA' FROM T_TVI;
Insert into T_TVI (TVI_COD,TVI_ABR,TVI_DES) SELECT MAX(TVI_COD)+1,'GORAB','GORABIDE' FROM T_TVI;
Insert into T_TVI (TVI_COD,TVI_ABR,TVI_DES) SELECT MAX(TVI_COD)+1,'GRUP','GRUPO' FROM T_TVI;
Insert into T_TVI (TVI_COD,TVI_ABR,TVI_DES) SELECT MAX(TVI_COD)+1,'GTA','GLORIETA' FROM T_TVI;
Insert into T_TVI (TVI_COD,TVI_ABR,TVI_DES) SELECT MAX(TVI_COD)+1,'HEGI','HEGI' FROM T_TVI;
Insert into T_TVI (TVI_COD,TVI_ABR,TVI_DES) SELECT MAX(TVI_COD)+1,'HIRIB','HIRIBIDE' FROM T_TVI;
Insert into T_TVI (TVI_COD,TVI_ABR,TVI_DES) SELECT MAX(TVI_COD)+1,'HONDA','HONDARTZA' FROM T_TVI;
Insert into T_TVI (TVI_COD,TVI_ABR,TVI_DES) SELECT MAX(TVI_COD)+1,'HOYA','HOYA' FROM T_TVI;
Insert into T_TVI (TVI_COD,TVI_ABR,TVI_DES) SELECT MAX(TVI_COD)+1,'IBILB','IBILBIDE' FROM T_TVI;
Insert into T_TVI (TVI_COD,TVI_ABR,TVI_DES) SELECT MAX(TVI_COD)+1,'ILLA','ILLA' FROM T_TVI;
Insert into T_TVI (TVI_COD,TVI_ABR,TVI_DES) SELECT MAX(TVI_COD)+1,'INDA','INDA' FROM T_TVI;
Insert into T_TVI (TVI_COD,TVI_ABR,TVI_DES) SELECT MAX(TVI_COD)+1,'JARD','JARDI' FROM T_TVI;
Insert into T_TVI (TVI_COD,TVI_ABR,TVI_DES) SELECT MAX(TVI_COD)+1,'JDIN','JARDIN' FROM T_TVI;
Insert into T_TVI (TVI_COD,TVI_ABR,TVI_DES) SELECT MAX(TVI_COD)+1,'JDINS','JARDINES' FROM T_TVI;
Insert into T_TVI (TVI_COD,TVI_ABR,TVI_DES) SELECT MAX(TVI_COD)+1,'KAI','KAI' FROM T_TVI;
Insert into T_TVI (TVI_COD,TVI_ABR,TVI_DES) SELECT MAX(TVI_COD)+1,'KAI','KAI' FROM T_TVI;
Insert into T_TVI (TVI_COD,TVI_ABR,TVI_DES) SELECT MAX(TVI_COD)+1,'KALE','KALE' FROM T_TVI;
Insert into T_TVI (TVI_COD,TVI_ABR,TVI_DES) SELECT MAX(TVI_COD)+1,'KARIK','KARRIKA' FROM T_TVI;
Insert into T_TVI (TVI_COD,TVI_ABR,TVI_DES) SELECT MAX(TVI_COD)+1,'KARRE','KARRERA' FROM T_TVI;
Insert into T_TVI (TVI_COD,TVI_ABR,TVI_DES) SELECT MAX(TVI_COD)+1,'KARRI','KARRICA' FROM T_TVI;
Insert into T_TVI (TVI_COD,TVI_ABR,TVI_DES) SELECT MAX(TVI_COD)+1,'KOSTA','KOSTA' FROM T_TVI;
Insert into T_TVI (TVI_COD,TVI_ABR,TVI_DES) SELECT MAX(TVI_COD)+1,'KRRIL','KARRIL' FROM T_TVI;
Insert into T_TVI (TVI_COD,TVI_ABR,TVI_DES) SELECT MAX(TVI_COD)+1,'LAGO','LAGO' FROM T_TVI;
Insert into T_TVI (TVI_COD,TVI_ABR,TVI_DES) SELECT MAX(TVI_COD)+1,'LASTE','LASTERBIDE' FROM T_TVI;
Insert into T_TVI (TVI_COD,TVI_ABR,TVI_DES) SELECT MAX(TVI_COD)+1,'LDERA','LADERA' FROM T_TVI;
Insert into T_TVI (TVI_COD,TVI_ABR,TVI_DES) SELECT MAX(TVI_COD)+1,'LEKU','LEKU' FROM T_TVI;
Insert into T_TVI (TVI_COD,TVI_ABR,TVI_DES) SELECT MAX(TVI_COD)+1,'LLOC','LLOC' FROM T_TVI;
Insert into T_TVI (TVI_COD,TVI_ABR,TVI_DES) SELECT MAX(TVI_COD)+1,'LOMA','LOMA' FROM T_TVI;
Insert into T_TVI (TVI_COD,TVI_ABR,TVI_DES) SELECT MAX(TVI_COD)+1,'LORAK','LORATEGIAK' FROM T_TVI;
Insert into T_TVI (TVI_COD,TVI_ABR,TVI_DES) SELECT MAX(TVI_COD)+1,'LORAT','LORATEGI' FROM T_TVI;
Insert into T_TVI (TVI_COD,TVI_ABR,TVI_DES) SELECT MAX(TVI_COD)+1,'LUGAR','LUGAR' FROM T_TVI;
Insert into T_TVI (TVI_COD,TVI_ABR,TVI_DES) SELECT MAX(TVI_COD)+1,'MALEC','MALECON' FROM T_TVI;
Insert into T_TVI (TVI_COD,TVI_ABR,TVI_DES) SELECT MAX(TVI_COD)+1,'MAZO','MAZO' FROM T_TVI;
Insert into T_TVI (TVI_COD,TVI_ABR,TVI_DES) SELECT MAX(TVI_COD)+1,'MENDI','MENDI' FROM T_TVI;
Insert into T_TVI (TVI_COD,TVI_ABR,TVI_DES) SELECT MAX(TVI_COD)+1,'MIRAD','MIRADOR' FROM T_TVI;
Insert into T_TVI (TVI_COD,TVI_ABR,TVI_DES) SELECT MAX(TVI_COD)+1,'MOLL','MOLL' FROM T_TVI;
Insert into T_TVI (TVI_COD,TVI_ABR,TVI_DES) SELECT MAX(TVI_COD)+1,'MONTE','MONTE' FROM T_TVI;
Insert into T_TVI (TVI_COD,TVI_ABR,TVI_DES) SELECT MAX(TVI_COD)+1,'MUELL','MUELLE' FROM T_TVI;
Insert into T_TVI (TVI_COD,TVI_ABR,TVI_DES) SELECT MAX(TVI_COD)+1,'ONDAR','ONDARTZA' FROM T_TVI;
Insert into T_TVI (TVI_COD,TVI_ABR,TVI_DES) SELECT MAX(TVI_COD)+1,'PAGO','PAGO' FROM T_TVI;
Insert into T_TVI (TVI_COD,TVI_ABR,TVI_DES) SELECT MAX(TVI_COD)+1,'PARC','PARQUE' FROM T_TVI;
Insert into T_TVI (TVI_COD,TVI_ABR,TVI_DES) SELECT MAX(TVI_COD)+1,'PARKE','PARKE' FROM T_TVI;
Insert into T_TVI (TVI_COD,TVI_ABR,TVI_DES) SELECT MAX(TVI_COD)+1,'PARTI','PARTICULAR' FROM T_TVI;
Insert into T_TVI (TVI_COD,TVI_ABR,TVI_DES) SELECT MAX(TVI_COD)+1,'PAS','PAS' FROM T_TVI;
Insert into T_TVI (TVI_COD,TVI_ABR,TVI_DES) SELECT MAX(TVI_COD)+1,'PASAI','PASAI' FROM T_TVI;
Insert into T_TVI (TVI_COD,TVI_ABR,TVI_DES) SELECT MAX(TVI_COD)+1,'PASEA','PASEABIDE' FROM T_TVI;
Insert into T_TVI (TVI_COD,TVI_ABR,TVI_DES) SELECT MAX(TVI_COD)+1,'PASEA','PASEALEKU' FROM T_TVI;
Insert into T_TVI (TVI_COD,TVI_ABR,TVI_DES) SELECT MAX(TVI_COD)+1,'PASEO','PASEO' FROM T_TVI;
Insert into T_TVI (TVI_COD,TVI_ABR,TVI_DES) SELECT MAX(TVI_COD)+1,'PBDO','POBLADO' FROM T_TVI;
Insert into T_TVI (TVI_COD,TVI_ABR,TVI_DES) SELECT MAX(TVI_COD)+1,'PDA','PUJADA' FROM T_TVI;
Insert into T_TVI (TVI_COD,TVI_ABR,TVI_DES) SELECT MAX(TVI_COD)+1,'PDIS','PASSADIS' FROM T_TVI;
Insert into T_TVI (TVI_COD,TVI_ABR,TVI_DES) SELECT MAX(TVI_COD)+1,'PG','PASSEIG' FROM T_TVI;
Insert into T_TVI (TVI_COD,TVI_ABR,TVI_DES) SELECT MAX(TVI_COD)+1,'PINAR','PINAR' FROM T_TVI;
Insert into T_TVI (TVI_COD,TVI_ABR,TVI_DES) SELECT MAX(TVI_COD)+1,'PISTA','PISTA' FROM T_TVI;
Insert into T_TVI (TVI_COD,TVI_ABR,TVI_DES) SELECT MAX(TVI_COD)+1,'PJDA','PUJADA,SUBIDA' FROM T_TVI;
Insert into T_TVI (TVI_COD,TVI_ABR,TVI_DES) SELECT MAX(TVI_COD)+1,'PL','PLACA' FROM T_TVI;
Insert into T_TVI (TVI_COD,TVI_ABR,TVI_DES) SELECT MAX(TVI_COD)+1,'PL','PLAÇA' FROM T_TVI;
Insert into T_TVI (TVI_COD,TVI_ABR,TVI_DES) SELECT MAX(TVI_COD)+1,'PLA','PLA' FROM T_TVI;
Insert into T_TVI (TVI_COD,TVI_ABR,TVI_DES) SELECT MAX(TVI_COD)+1,'PLAYA','PLAYA' FROM T_TVI;
Insert into T_TVI (TVI_COD,TVI_ABR,TVI_DES) SELECT MAX(TVI_COD)+1,'PLAZA','PLAZA' FROM T_TVI;
Insert into T_TVI (TVI_COD,TVI_ABR,TVI_DES) SELECT MAX(TVI_COD)+1,'PLCET','PLACETA' FROM T_TVI;
Insert into T_TVI (TVI_COD,TVI_ABR,TVI_DES) SELECT MAX(TVI_COD)+1,'PLLO','PASILLO' FROM T_TVI;
Insert into T_TVI (TVI_COD,TVI_ABR,TVI_DES) SELECT MAX(TVI_COD)+1,'PLZLA','PLAZUELA' FROM T_TVI;
Insert into T_TVI (TVI_COD,TVI_ABR,TVI_DES) SELECT MAX(TVI_COD)+1,'PNTE','PUENTE' FROM T_TVI;
Insert into T_TVI (TVI_COD,TVI_ABR,TVI_DES) SELECT MAX(TVI_COD)+1,'POLIG','POLIGONO' FROM T_TVI;
Insert into T_TVI (TVI_COD,TVI_ABR,TVI_DES) SELECT MAX(TVI_COD)+1,'PONT','PONT' FROM T_TVI;
Insert into T_TVI (TVI_COD,TVI_ABR,TVI_DES) SELECT MAX(TVI_COD)+1,'PONTE','PONTE' FROM T_TVI;
Insert into T_TVI (TVI_COD,TVI_ABR,TVI_DES) SELECT MAX(TVI_COD)+1,'PORT','PORT' FROM T_TVI;
Insert into T_TVI (TVI_COD,TVI_ABR,TVI_DES) SELECT MAX(TVI_COD)+1,'PQUE','PARQUE' FROM T_TVI;
Insert into T_TVI (TVI_COD,TVI_ABR,TVI_DES) SELECT MAX(TVI_COD)+1,'PRAÑA','PRACIÑA' FROM T_TVI;
Insert into T_TVI (TVI_COD,TVI_ABR,TVI_DES) SELECT MAX(TVI_COD)+1,'PRAGE','PARATGE' FROM T_TVI;
Insert into T_TVI (TVI_COD,TVI_ABR,TVI_DES) SELECT MAX(TVI_COD)+1,'PRAIA','PRAIA' FROM T_TVI;
Insert into T_TVI (TVI_COD,TVI_ABR,TVI_DES) SELECT MAX(TVI_COD)+1,'PRAJE','PARAJE' FROM T_TVI;
Insert into T_TVI (TVI_COD,TVI_ABR,TVI_DES) SELECT MAX(TVI_COD)+1,'PRAZA','PRAZA' FROM T_TVI;
Insert into T_TVI (TVI_COD,TVI_ABR,TVI_DES) SELECT MAX(TVI_COD)+1,'PROL','PORLONGACION' FROM T_TVI;
Insert into T_TVI (TVI_COD,TVI_ABR,TVI_DES) SELECT MAX(TVI_COD)+1,'PSAJE','PASAJE' FROM T_TVI;
Insert into T_TVI (TVI_COD,TVI_ABR,TVI_DES) SELECT MAX(TVI_COD)+1,'PSAXE','PARAXE' FROM T_TVI;
Insert into T_TVI (TVI_COD,TVI_ABR,TVI_DES) SELECT MAX(TVI_COD)+1,'PTDA','PARTIDA' FROM T_TVI;
Insert into T_TVI (TVI_COD,TVI_ABR,TVI_DES) SELECT MAX(TVI_COD)+1,'PTGE','PASSATGE' FROM T_TVI;
Insert into T_TVI (TVI_COD,TVI_ABR,TVI_DES) SELECT MAX(TVI_COD)+1,'PTLLO','PORTILLO' FROM T_TVI;
Insert into T_TVI (TVI_COD,TVI_ABR,TVI_DES) SELECT MAX(TVI_COD)+1,'PZO','PASADIZO' FROM T_TVI;
Insert into T_TVI (TVI_COD,TVI_ABR,TVI_DES) SELECT MAX(TVI_COD)+1,'PZTA','PLAZOLETA' FROM T_TVI;
Insert into T_TVI (TVI_COD,TVI_ABR,TVI_DES) SELECT MAX(TVI_COD)+1,'RABAL','RABAL' FROM T_TVI;
Insert into T_TVI (TVI_COD,TVI_ABR,TVI_DES) SELECT MAX(TVI_COD)+1,'RACDA','RACONADA' FROM T_TVI;
Insert into T_TVI (TVI_COD,TVI_ABR,TVI_DES) SELECT MAX(TVI_COD)+1,'RACO','RACO' FROM T_TVI;
Insert into T_TVI (TVI_COD,TVI_ABR,TVI_DES) SELECT MAX(TVI_COD)+1,'RAMAL','RAMAL' FROM T_TVI;
Insert into T_TVI (TVI_COD,TVI_ABR,TVI_DES) SELECT MAX(TVI_COD)+1,'RAMPA','RAMPA' FROM T_TVI;
Insert into T_TVI (TVI_COD,TVI_ABR,TVI_DES) SELECT MAX(TVI_COD)+1,'RAMPS','RAMPAS' FROM T_TVI;
Insert into T_TVI (TVI_COD,TVI_ABR,TVI_DES) SELECT MAX(TVI_COD)+1,'RAVAL','RAVAL' FROM T_TVI;
Insert into T_TVI (TVI_COD,TVI_ABR,TVI_DES) SELECT MAX(TVI_COD)+1,'RBLA','RAMBLA' FROM T_TVI;
Insert into T_TVI (TVI_COD,TVI_ABR,TVI_DES) SELECT MAX(TVI_COD)+1,'RBRA','RIBERA' FROM T_TVI;
Insert into T_TVI (TVI_COD,TVI_ABR,TVI_DES) SELECT MAX(TVI_COD)+1,'RCDA','RINCONADA' FROM T_TVI;
Insert into T_TVI (TVI_COD,TVI_ABR,TVI_DES) SELECT MAX(TVI_COD)+1,'RCON','RINCON' FROM T_TVI;
Insert into T_TVI (TVI_COD,TVI_ABR,TVI_DES) SELECT MAX(TVI_COD)+1,'RENTO','RECANTO' FROM T_TVI;
Insert into T_TVI (TVI_COD,TVI_ABR,TVI_DES) SELECT MAX(TVI_COD)+1,'RIERA','RIERA' FROM T_TVI;
Insert into T_TVI (TVI_COD,TVI_ABR,TVI_DES) SELECT MAX(TVI_COD)+1,'RONDA','RONDA' FROM T_TVI;
Insert into T_TVI (TVI_COD,TVI_ABR,TVI_DES) SELECT MAX(TVI_COD)+1,'RTDA','ROTONDA' FROM T_TVI;
Insert into T_TVI (TVI_COD,TVI_ABR,TVI_DES) SELECT MAX(TVI_COD)+1,'RUA','RUA' FROM T_TVI;
Insert into T_TVI (TVI_COD,TVI_ABR,TVI_DES) SELECT MAX(TVI_COD)+1,'RUELA','RUELA' FROM T_TVI;
Insert into T_TVI (TVI_COD,TVI_ABR,TVI_DES) SELECT MAX(TVI_COD)+1,'RUERO','RUEIRO' FROM T_TVI;
Insert into T_TVI (TVI_COD,TVI_ABR,TVI_DES) SELECT MAX(TVI_COD)+1,'SARBI','SARBIDE' FROM T_TVI;
Insert into T_TVI (TVI_COD,TVI_ABR,TVI_DES) SELECT MAX(TVI_COD)+1,'SBIDA','SUBIDA' FROM T_TVI;
Insert into T_TVI (TVI_COD,TVI_ABR,TVI_DES) SELECT MAX(TVI_COD)+1,'SBIDA','GORABIDE' FROM T_TVI;
Insert into T_TVI (TVI_COD,TVI_ABR,TVI_DES) SELECT MAX(TVI_COD)+1,'SECT','SECTOR' FROM T_TVI;
Insert into T_TVI (TVI_COD,TVI_ABR,TVI_DES) SELECT MAX(TVI_COD)+1,'SEDER','SENDER' FROM T_TVI;
Insert into T_TVI (TVI_COD,TVI_ABR,TVI_DES) SELECT MAX(TVI_COD)+1,'SEDRA','SENDERA' FROM T_TVI;
Insert into T_TVI (TVI_COD,TVI_ABR,TVI_DES) SELECT MAX(TVI_COD)+1,'SEKT','SEKTORE' FROM T_TVI;
Insert into T_TVI (TVI_COD,TVI_ABR,TVI_DES) SELECT MAX(TVI_COD)+1,'SEND','SENDERO' FROM T_TVI;
Insert into T_TVI (TVI_COD,TVI_ABR,TVI_DES) SELECT MAX(TVI_COD)+1,'SENDA','SENDA' FROM T_TVI;
Insert into T_TVI (TVI_COD,TVI_ABR,TVI_DES) SELECT MAX(TVI_COD)+1,'SVTIA','SERVENTIA' FROM T_TVI;
Insert into T_TVI (TVI_COD,TVI_ABR,TVI_DES) SELECT MAX(TVI_COD)+1,'TALDE','TALDE' FROM T_TVI;
Insert into T_TVI (TVI_COD,TVI_ABR,TVI_DES) SELECT MAX(TVI_COD)+1,'TOKI','TOKI' FROM T_TVI;
Insert into T_TVI (TVI_COD,TVI_ABR,TVI_DES) SELECT MAX(TVI_COD)+1,'TRANS','TRANSITO' FROM T_TVI;
Insert into T_TVI (TVI_COD,TVI_ABR,TVI_DES) SELECT MAX(TVI_COD)+1,'TRAS','TRASERA' FROM T_TVI;
Insert into T_TVI (TVI_COD,TVI_ABR,TVI_DES) SELECT MAX(TVI_COD)+1,'TRAS','TRASEIRA' FROM T_TVI;
Insert into T_TVI (TVI_COD,TVI_ABR,TVI_DES) SELECT MAX(TVI_COD)+1,'TRAV','TRAVESSERA' FROM T_TVI;
Insert into T_TVI (TVI_COD,TVI_ABR,TVI_DES) SELECT MAX(TVI_COD)+1,'TRRNT','TORRENT' FROM T_TVI;
Insert into T_TVI (TVI_COD,TVI_ABR,TVI_DES) SELECT MAX(TVI_COD)+1,'TRVA','TRAVESIA' FROM T_TVI;
Insert into T_TVI (TVI_COD,TVI_ABR,TVI_DES) SELECT MAX(TVI_COD)+1,'TRVAL','TRANSVERSAL' FROM T_TVI;
Insert into T_TVI (TVI_COD,TVI_ABR,TVI_DES) SELECT MAX(TVI_COD)+1,'URB','URBANIZACION' FROM T_TVI;
Insert into T_TVI (TVI_COD,TVI_ABR,TVI_DES) SELECT MAX(TVI_COD)+1,'URBAT','URBANITZACIO' FROM T_TVI;
Insert into T_TVI (TVI_COD,TVI_ABR,TVI_DES) SELECT MAX(TVI_COD)+1,'URBAZ','URBANIZAZIO' FROM T_TVI;
Insert into T_TVI (TVI_COD,TVI_ABR,TVI_DES) SELECT MAX(TVI_COD)+1,'VALLE','VALLE' FROM T_TVI;
Insert into T_TVI (TVI_COD,TVI_ABR,TVI_DES) SELECT MAX(TVI_COD)+1,'VCTO','VIADUCTO' FROM T_TVI;
Insert into T_TVI (TVI_COD,TVI_ABR,TVI_DES) SELECT MAX(TVI_COD)+1,'VEGA','VEGA' FROM T_TVI;
Insert into T_TVI (TVI_COD,TVI_ABR,TVI_DES) SELECT MAX(TVI_COD)+1,'VENAT','VEINAT' FROM T_TVI;
Insert into T_TVI (TVI_COD,TVI_ABR,TVI_DES) SELECT MAX(TVI_COD)+1,'VENLA','VENELA' FROM T_TVI;
Insert into T_TVI (TVI_COD,TVI_ABR,TVI_DES) SELECT MAX(TVI_COD)+1,'VIA','VIA' FROM T_TVI;
Insert into T_TVI (TVI_COD,TVI_ABR,TVI_DES) SELECT MAX(TVI_COD)+1,'VIAL','VIAL' FROM T_TVI;
Insert into T_TVI (TVI_COD,TVI_ABR,TVI_DES) SELECT MAX(TVI_COD)+1,'VIANY','VIARANY' FROM T_TVI;
Insert into T_TVI (TVI_COD,TVI_ABR,TVI_DES) SELECT MAX(TVI_COD)+1,'VREDA','VEREDA' FROM T_TVI;
Insert into T_TVI (TVI_COD,TVI_ABR,TVI_DES) SELECT MAX(TVI_COD)+1,'XDIN','XARDIN' FROM T_TVI;
Insert into T_TVI (TVI_COD,TVI_ABR,TVI_DES) SELECT MAX(TVI_COD)+1,'ZEHAR','ZEARKALETA' FROM T_TVI;
Insert into T_TVI (TVI_COD,TVI_ABR,TVI_DES) SELECT MAX(TVI_COD)+1,'ZONA','ZONA' FROM T_TVI;
Insert into T_TVI (TVI_COD,TVI_ABR,TVI_DES) SELECT MAX(TVI_COD)+1,'ZUBI','ZUBI' FROM T_TVI;
Insert into T_TVI (TVI_COD,TVI_ABR,TVI_DES) SELECT MAX(TVI_COD)+1,'ZUHAI','ZUHAIZTI' FROM T_TVI;
Insert into T_TVI (TVI_COD,TVI_ABR,TVI_DES) SELECT MAX(TVI_COD)+1,'ZUMAR','ZUMARDI' FROM T_TVI;

-- Tipos de ocupación de viviendas por defecto
INSERT INTO T_TOC ( TOC_COD, TOC_DES ) VALUES (1, 'Vivienda Principal'); 
INSERT INTO T_TOC ( TOC_COD, TOC_DES ) VALUES (2, 'Vivienda Temporal'); 

-- Parametros de terceros por defecto de la organización
INSERT INTO T_PRM ( PRM_COD, PRM_PAI, PRM_PPA, PRM_PRV, PRM_MPA, PRM_MPR, PRM_MUN, PRM_TOC, PRM_TID, PRM_DOP, PRM_IMT, PRM_LUG, PRM_USU, PRM_FEC ) 
	VALUES (&cod_organizacion, 108, 108, &cod_provincia, 108, &cod_provincia, &cod_municipio, 1, 1, 1, 1, NULL, 5,  SYSDATE);


-- GESTIÓN DE EXPEDIENTES

-- Carga de tipos de datos suplementarios a nivel de ficha de expediente
INSERT INTO E_TDA ( TDA_COD, TDA_DES, TDA_TAB ) 
	VALUES (5, 'FICHERO', 'E_TFI'); 
INSERT INTO E_TDA ( TDA_COD, TDA_DES, TDA_TAB ) 
	VALUES (1, 'NUMERICO', 'E_TNU'); 
INSERT INTO E_TDA ( TDA_COD, TDA_DES, TDA_TAB ) 
	VALUES (2, 'TEXTO', 'E_TXT'); 
INSERT INTO E_TDA ( TDA_COD, TDA_DES, TDA_TAB ) 
	VALUES (3, 'FECHA', 'E_TFE'); 
INSERT INTO E_TDA ( TDA_COD, TDA_DES, TDA_TAB ) 
	VALUES (4, 'TEXTO LARGO', 'E_TTL'); 
INSERT INTO E_TDA ( TDA_COD, TDA_DES, TDA_TAB ) 
	VALUES (6, 'DESPLEGABLE', 'E_TDE'); 
	
-- Carga de desplegable booleano por defecto.
INSERT INTO E_DES ( DES_COD, DES_NOM ) 
	VALUES ('BOOL', 'BOOLEANO'); 
INSERT INTO E_DES_VAL ( DES_COD, DES_VAL_COD, DES_NOM ) 
	VALUES ('BOOL', 'N', 'NO'); 
INSERT INTO E_DES_VAL ( DES_COD, DES_VAL_COD, DES_NOM ) 
	VALUES ('BOOL', 'S', 'SI'); 
	
-- Rutas de las plantillas para los campos suplementarios.
INSERT INTO E_PLT ( PLT_COD, PLT_DES, PLT_URL ) 
	VALUES (5, 'FICHERO', '/jsp/plantillas/CampoFichero.jsp'); 
INSERT INTO E_PLT ( PLT_COD, PLT_DES, PLT_URL ) 
	VALUES (1, 'CAJA DE TEXTO CORTO (1 línea)', '/jsp/plantillas/CampoTexto.jsp'); 
INSERT INTO E_PLT ( PLT_COD, PLT_DES, PLT_URL ) 
	VALUES (3, 'CAJA DE TEXTO LARGO (multilínea)', '/jsp/plantillas/CampoTextoLargo.jsp'); 
INSERT INTO E_PLT ( PLT_COD, PLT_DES, PLT_URL ) 
	VALUES (2, 'CAMPO NUMERICO', '/jsp/plantillas/CampoNumerico.jsp'); 
INSERT INTO E_PLT ( PLT_COD, PLT_DES, PLT_URL ) 
	VALUES (4, 'FECHA', '/jsp/plantillas/CampoFecha.jsp'); 
INSERT INTO E_PLT ( PLT_COD, PLT_DES, PLT_URL ) 
	VALUES (6, 'DESPLEGABLE', '/jsp/plantillas/CampoDesplegable.jsp'); 
	
-- Relaciones entre los tipos de datos y las plantillas asociadas a ellos.
INSERT INTO E_RTDP ( RTDP_TDA, RTDP_PLT ) 
	VALUES (1, 2); 
INSERT INTO E_RTDP ( RTDP_TDA, RTDP_PLT ) 
	VALUES (2, 1); 
INSERT INTO E_RTDP ( RTDP_TDA, RTDP_PLT ) 
	VALUES (2, 3); 
INSERT INTO E_RTDP ( RTDP_TDA, RTDP_PLT ) 
	VALUES (3, 4); 
INSERT INTO E_RTDP ( RTDP_TDA, RTDP_PLT ) 
	VALUES (4, 3); 
INSERT INTO E_RTDP ( RTDP_TDA, RTDP_PLT ) 
	VALUES (5, 5); 
INSERT INTO E_RTDP ( RTDP_TDA, RTDP_PLT ) 
	VALUES (6, 6); 	



-- GESTIÓN DE INFORMES.

-- Carga de los posibles origenes de los informes.
INSERT INTO INF_ORIGEN (ID_ORIGEN,DESC_ORIGEN,TAB_ORIGEN,MOD_ORIGEN) 
	VALUES (2,'REGISTRO','V_REG_INF','GENERAL');
INSERT INTO INF_ORIGEN (ID_ORIGEN,DESC_ORIGEN,TAB_ORIGEN,MOD_ORIGEN) 
	VALUES (1,'EXPEDIENTE','V_EXP_INF','EXPEDIENTE');

-- Carga de criterios para informes disponibles
INSERT INTO CONDICION_CRITERIOS_INFORMES (COD_CONDICION,DESC_CONDICION) 
	VALUES (0,'>');
INSERT INTO CONDICION_CRITERIOS_INFORMES (COD_CONDICION,DESC_CONDICION) 
	VALUES (1,'>=');
INSERT INTO CONDICION_CRITERIOS_INFORMES (COD_CONDICION,DESC_CONDICION) 
	VALUES (2,'<');
INSERT INTO CONDICION_CRITERIOS_INFORMES (COD_CONDICION,DESC_CONDICION) 
	VALUES (3,'<=');
INSERT INTO CONDICION_CRITERIOS_INFORMES (COD_CONDICION,DESC_CONDICION) 
	VALUES (4,'ENTRE');
INSERT INTO CONDICION_CRITERIOS_INFORMES (COD_CONDICION,DESC_CONDICION) 
	VALUES (5,'=');
INSERT INTO CONDICION_CRITERIOS_INFORMES (COD_CONDICION,DESC_CONDICION) 
	VALUES (6,'<>');
INSERT INTO CONDICION_CRITERIOS_INFORMES (COD_CONDICION,DESC_CONDICION) 
	VALUES (7,'LIKE');
INSERT INTO CONDICION_CRITERIOS_INFORMES(COD_CONDICION,DESC_CONDICION)
	VALUES(8,'IS NULL');
INSERT INTO CONDICION_CRITERIOS_INFORMES(COD_CONDICION,DESC_CONDICION)
	VALUES(9,'IS NOT NULL');

-- Carga de tipos de campos en los informes.
INSERT INTO TIPO_CAMPOS_INFORMES (TIPO_CAMPOS_INFORMES_ID,TIPO_CAMPOS_INFORMES_DESC,TIPO_CAMPOS_INFORMES_TIT) 
	VALUES (1,'LOGO','Logo entidad');
INSERT INTO TIPO_CAMPOS_INFORMES (TIPO_CAMPOS_INFORMES_ID,TIPO_CAMPOS_INFORMES_DESC,TIPO_CAMPOS_INFORMES_TIT) 
	VALUES (2,'NOMBRE_ENTIDAD','Nombre de la entidad');
INSERT INTO TIPO_CAMPOS_INFORMES (TIPO_CAMPOS_INFORMES_ID,TIPO_CAMPOS_INFORMES_DESC,TIPO_CAMPOS_INFORMES_TIT) 
	VALUES (3,'TITULO_INFORME','Titulo del informe');
INSERT INTO TIPO_CAMPOS_INFORMES (TIPO_CAMPOS_INFORMES_ID,TIPO_CAMPOS_INFORMES_DESC,TIPO_CAMPOS_INFORMES_TIT) 
	VALUES (4,'CRITERIOS_INFORME','Criterio');
INSERT INTO TIPO_CAMPOS_INFORMES (TIPO_CAMPOS_INFORMES_ID,TIPO_CAMPOS_INFORMES_DESC,TIPO_CAMPOS_INFORMES_TIT) 
	VALUES (5,'FECHA_INFORME','Fecha de la generación');
INSERT INTO TIPO_CAMPOS_INFORMES (TIPO_CAMPOS_INFORMES_ID,TIPO_CAMPOS_INFORMES_DESC,TIPO_CAMPOS_INFORMES_TIT) 
	VALUES (6,'NUM_PAGINA_INFORME','Número de página');
INSERT INTO TIPO_CAMPOS_INFORMES (TIPO_CAMPOS_INFORMES_ID,TIPO_CAMPOS_INFORMES_DESC,TIPO_CAMPOS_INFORMES_TIT) 
	VALUES (7,'NUM_DE_TOTAL_PAG_INFORME','Total de páginas (N/T)');
INSERT INTO TIPO_CAMPOS_INFORMES (TIPO_CAMPOS_INFORMES_ID,TIPO_CAMPOS_INFORMES_DESC,TIPO_CAMPOS_INFORMES_TIT) 
	VALUES (8,'TOTAL_PAGINAS_INFORME','Total de páginas (T)');
INSERT INTO  TIPO_CAMPOS_INFORMES  (TIPO_CAMPOS_INFORMES_ID, TIPO_CAMPOS_INFORMES_DESC, TIPO_CAMPOS_INFORMES_TIT) 
	VALUES (9, 'FIRMADO_POR', 'Firmado Por ...');

-- Carga de los campos por modulos de los informes
INSERT INTO TIPO_CAMPOS_MODULOS_INFORMES (TIPO_CAMPO_INF_MOD_CAMPO,TIPO_CAMPO_INF_MOD_MODULO) VALUES (1,1);
INSERT INTO TIPO_CAMPOS_MODULOS_INFORMES (TIPO_CAMPO_INF_MOD_CAMPO,TIPO_CAMPO_INF_MOD_MODULO) VALUES (1,3);
INSERT INTO TIPO_CAMPOS_MODULOS_INFORMES (TIPO_CAMPO_INF_MOD_CAMPO,TIPO_CAMPO_INF_MOD_MODULO) VALUES (2,1);
INSERT INTO TIPO_CAMPOS_MODULOS_INFORMES (TIPO_CAMPO_INF_MOD_CAMPO,TIPO_CAMPO_INF_MOD_MODULO) VALUES (2,3);
INSERT INTO TIPO_CAMPOS_MODULOS_INFORMES (TIPO_CAMPO_INF_MOD_CAMPO,TIPO_CAMPO_INF_MOD_MODULO) VALUES (3,1);
INSERT INTO TIPO_CAMPOS_MODULOS_INFORMES (TIPO_CAMPO_INF_MOD_CAMPO,TIPO_CAMPO_INF_MOD_MODULO) VALUES (3,3);
INSERT INTO TIPO_CAMPOS_MODULOS_INFORMES (TIPO_CAMPO_INF_MOD_CAMPO,TIPO_CAMPO_INF_MOD_MODULO) VALUES (4,1);
INSERT INTO TIPO_CAMPOS_MODULOS_INFORMES (TIPO_CAMPO_INF_MOD_CAMPO,TIPO_CAMPO_INF_MOD_MODULO) VALUES (4,3);
INSERT INTO TIPO_CAMPOS_MODULOS_INFORMES (TIPO_CAMPO_INF_MOD_CAMPO,TIPO_CAMPO_INF_MOD_MODULO) VALUES (5,1);
INSERT INTO TIPO_CAMPOS_MODULOS_INFORMES (TIPO_CAMPO_INF_MOD_CAMPO,TIPO_CAMPO_INF_MOD_MODULO) VALUES (5,3);
INSERT INTO TIPO_CAMPOS_MODULOS_INFORMES (TIPO_CAMPO_INF_MOD_CAMPO,TIPO_CAMPO_INF_MOD_MODULO) VALUES (6,2);
INSERT INTO TIPO_CAMPOS_MODULOS_INFORMES (TIPO_CAMPO_INF_MOD_CAMPO,TIPO_CAMPO_INF_MOD_MODULO) VALUES (6,3);
INSERT INTO TIPO_CAMPOS_MODULOS_INFORMES (TIPO_CAMPO_INF_MOD_CAMPO,TIPO_CAMPO_INF_MOD_MODULO) VALUES (6,4);
INSERT INTO TIPO_CAMPOS_MODULOS_INFORMES (TIPO_CAMPO_INF_MOD_CAMPO,TIPO_CAMPO_INF_MOD_MODULO) VALUES (7,3);
INSERT INTO TIPO_CAMPOS_MODULOS_INFORMES (TIPO_CAMPO_INF_MOD_CAMPO,TIPO_CAMPO_INF_MOD_MODULO) VALUES (7,4);
INSERT INTO TIPO_CAMPOS_MODULOS_INFORMES (TIPO_CAMPO_INF_MOD_CAMPO,TIPO_CAMPO_INF_MOD_MODULO) VALUES (8,2);
INSERT INTO TIPO_CAMPOS_MODULOS_INFORMES (TIPO_CAMPO_INF_MOD_CAMPO,TIPO_CAMPO_INF_MOD_MODULO) VALUES (9,2);
	
-- Carga de datos para los tipos de modulos de los informes
INSERT INTO TIPO_MODULOS_INFORMES (TIPO_MODULOS_ID,TIPO_MODULOS_NOMBRE) VALUES (1,'CAB INFORME');
INSERT INTO TIPO_MODULOS_INFORMES (TIPO_MODULOS_ID,TIPO_MODULOS_NOMBRE) VALUES (2,'PIE INFORME');
INSERT INTO TIPO_MODULOS_INFORMES (TIPO_MODULOS_ID,TIPO_MODULOS_NOMBRE) VALUES (3,'CAB PAGINA');
INSERT INTO TIPO_MODULOS_INFORMES (TIPO_MODULOS_ID,TIPO_MODULOS_NOMBRE) VALUES (4,'PIE PAGINA');
	
-- Carga por defecto para la información de campos disponibles.
INSERT INTO INF_CAMPOS (CODIGO,NOME,CAMPO,TIPO,LONXITUDE,ORIGEN,NOMEAS,CRITERIO) VALUES (27,'Interesado','REG_INT','A',200,2,'INTERESADOREG',1);
INSERT INTO INF_CAMPOS (CODIGO,NOME,CAMPO,TIPO,LONXITUDE,ORIGEN,NOMEAS,CRITERIO) VALUES (28,'Tipo Entrada','REG_TIP','A',1,2,'ENTRADAREG',1);
INSERT INTO INF_CAMPOS (CODIGO,NOME,CAMPO,TIPO,LONXITUDE,ORIGEN,NOMEAS,CRITERIO) VALUES (30,'Nom. Tipo Documento','REG_DOC_NOM','A',100,2,'NOMBREDOCUMENTOREG',1);
INSERT INTO INF_CAMPOS (CODIGO,NOME,CAMPO,TIPO,LONXITUDE,ORIGEN,NOMEAS,CRITERIO) VALUES (29,'Cod. Tipo Documento','REG_DOC','N',3,2,'CODDOCUMENTOREG',1);
INSERT INTO INF_CAMPOS (CODIGO,NOME,CAMPO,TIPO,LONXITUDE,ORIGEN,NOMEAS,CRITERIO) VALUES (1,'Localización Expediente','EXP_LOC','A',999,1,'LOCALIZACIONEXP',1);
INSERT INTO INF_CAMPOS (CODIGO,NOME,CAMPO,TIPO,LONXITUDE,ORIGEN,NOMEAS,CRITERIO) VALUES (2,'Fecha Inicio Expediente','EXP_FEI','F',10,1,'FECHAINICIOEXP',1);
INSERT INTO INF_CAMPOS (CODIGO,NOME,CAMPO,TIPO,LONXITUDE,ORIGEN,NOMEAS,CRITERIO) VALUES (3,'Fecha Fin Expediente','EXP_FEF','F',10,1,'FECHAFINEXP',1);
INSERT INTO INF_CAMPOS (CODIGO,NOME,CAMPO,TIPO,LONXITUDE,ORIGEN,NOMEAS,CRITERIO) VALUES (4,'Asunto Expediente','EXP_ASU','A',2000,1,'ASUNTOEXP',1);
INSERT INTO INF_CAMPOS (CODIGO,NOME,CAMPO,TIPO,LONXITUDE,ORIGEN,NOMEAS,CRITERIO) VALUES (5,'Número Expediente','EXP_NUM','A',30,1,'NUMEROEXP',1);
INSERT INTO INF_CAMPOS (CODIGO,NOME,CAMPO,TIPO,LONXITUDE,ORIGEN,NOMEAS,CRITERIO) VALUES (6,'Ejercicio Expediente','EXP_EJE','A',4,1,'EJERCICIOEXP',1);
INSERT INTO INF_CAMPOS (CODIGO,NOME,CAMPO,TIPO,LONXITUDE,ORIGEN,NOMEAS,CRITERIO) VALUES (7,'Cod Usuario Expediente','EXP_USU_COD','A',3,1,'CODUSUARIOEXP',1);
INSERT INTO INF_CAMPOS (CODIGO,NOME,CAMPO,TIPO,LONXITUDE,ORIGEN,NOMEAS,CRITERIO) VALUES (8,'Nom Usuario Expediente','EXP_USU_NOM','A',255,1,'NOMUSUARIOEXP',1);
INSERT INTO INF_CAMPOS (CODIGO,NOME,CAMPO,TIPO,LONXITUDE,ORIGEN,NOMEAS,CRITERIO) VALUES (9,'Cod UOR Expediente','EXP_UOR_COD','A',6,1,'CODUOREXP',1);
INSERT INTO INF_CAMPOS (CODIGO,NOME,CAMPO,TIPO,LONXITUDE,ORIGEN,NOMEAS,CRITERIO) VALUES (10,'Nom UOR Expediente','EXP_UOR_NOM','A',80,1,'NOMUOREXP',1);
INSERT INTO INF_CAMPOS (CODIGO,NOME,CAMPO,TIPO,LONXITUDE,ORIGEN,NOMEAS,CRITERIO) VALUES (11,'Observaciones Expediente','EXP_OBS','A',1000,1,'OBSERVACIONESEXP',1);
INSERT INTO INF_CAMPOS (CODIGO,NOME,CAMPO,TIPO,LONXITUDE,ORIGEN,NOMEAS,CRITERIO) VALUES (12,'Cod Procedimiento Expediente','EXP_PRO_COD','A',5,1,'CODPROCEXP',1);
INSERT INTO INF_CAMPOS (CODIGO,NOME,CAMPO,TIPO,LONXITUDE,ORIGEN,NOMEAS,CRITERIO) VALUES (13,'Nom Procedimiento Expediente','EXP_PRO_NOM','A',255,1,'NOMPROCEXP',1);
INSERT INTO INF_CAMPOS (CODIGO,NOME,CAMPO,TIPO,LONXITUDE,ORIGEN,NOMEAS,CRITERIO) VALUES (14,'Fecha Inicio Trámite','TRA_FEI','F',10,1,'FECHAINICIOTRAM',1);
INSERT INTO INF_CAMPOS (CODIGO,NOME,CAMPO,TIPO,LONXITUDE,ORIGEN,NOMEAS,CRITERIO) VALUES (15,'Fecha Fin Trámite','TRA_FEF','F',10,1,'FECHAFINTRAM',1);
INSERT INTO INF_CAMPOS (CODIGO,NOME,CAMPO,TIPO,LONXITUDE,ORIGEN,NOMEAS,CRITERIO) VALUES (32,'Nom. Tipo Remitente','REG_REM_NOM','A',100,2,'NOMBREREMITENTEREG',1);
INSERT INTO INF_CAMPOS (CODIGO,NOME,CAMPO,TIPO,LONXITUDE,ORIGEN,NOMEAS,CRITERIO) VALUES (31,'Cod. Tipo Remitente','REG_REM','N',3,2,'CODREMITENTEREG',1);
INSERT INTO INF_CAMPOS (CODIGO,NOME,CAMPO,TIPO,LONXITUDE,ORIGEN,NOMEAS,CRITERIO) VALUES (16,'Nombre Trámite','TRA_NOM','A',4000,1,'NOMBRETRAM',1);
INSERT INTO INF_CAMPOS (CODIGO,NOME,CAMPO,TIPO,LONXITUDE,ORIGEN,NOMEAS,CRITERIO) VALUES (17,'Código Trámite','TRA_COU','A',4,1,'CODIGOTRAM',1);
INSERT INTO INF_CAMPOS (CODIGO,NOME,CAMPO,TIPO,LONXITUDE,ORIGEN,NOMEAS,CRITERIO) VALUES (18,'Observaciones Trámite','TRA_OBS','A',1000,1,'OBSERVACIONESTRAM',1);
INSERT INTO INF_CAMPOS (CODIGO,NOME,CAMPO,TIPO,LONXITUDE,ORIGEN,NOMEAS,CRITERIO) VALUES (19,'Cod UOR Trámite','TRA_UOR_COD','A',6,1,'CODTRATRAM',1);
INSERT INTO INF_CAMPOS (CODIGO,NOME,CAMPO,TIPO,LONXITUDE,ORIGEN,NOMEAS,CRITERIO) VALUES (20,'Nom UOR Trámite','TRA_UOR_NOM','A',80,1,'NOMTRATRAM',1);
INSERT INTO INF_CAMPOS (CODIGO,NOME,CAMPO,TIPO,LONXITUDE,ORIGEN,NOMEAS,CRITERIO) VALUES (21,'Asunto Registro','REG_ASU','A',999,2,'ASUNTOREG',1);
INSERT INTO INF_CAMPOS (CODIGO,NOME,CAMPO,TIPO,LONXITUDE,ORIGEN,NOMEAS,CRITERIO) VALUES (22,'Fecha Presentación','REG_FED','F',10,2,'FECHAPRESENTACIONREG',1);
INSERT INTO INF_CAMPOS (CODIGO,NOME,CAMPO,TIPO,LONXITUDE,ORIGEN,NOMEAS,CRITERIO) VALUES (23,'Fecha Entrada','REG_FEC','F',10,2,'FECHAENTRADAREG',1);
INSERT INTO INF_CAMPOS (CODIGO,NOME,CAMPO,TIPO,LONXITUDE,ORIGEN,NOMEAS,CRITERIO) VALUES (24,'Cod. Unidad Tramitadora','REG_UOR_VIS','A',6,2,'NOMBREUTRREG',1);
INSERT INTO INF_CAMPOS (CODIGO,NOME,CAMPO,TIPO,LONXITUDE,ORIGEN,NOMEAS,CRITERIO) VALUES (25,'Nom. Unidad tramitadora','REG_UOR_NOM','A',80,2,'CODUTRREG',1);
INSERT INTO INF_CAMPOS (CODIGO,NOME,CAMPO,TIPO,LONXITUDE,ORIGEN,NOMEAS,CRITERIO) VALUES (26,'Observaciones registro','REG_OBS','A',999,2,'OBSERVACIONESREG',1);
INSERT INTO INF_CAMPOS (CODIGO,NOME,CAMPO,TIPO,LONXITUDE,ORIGEN,NOMEAS,CRITERIO) VALUES (33,'Usuario Registro','REG_USU','A',200,2,'USUREG',1);
INSERT INTO INF_CAMPOS (CODIGO,NOME,CAMPO,TIPO,LONXITUDE,ORIGEN,NOMEAS,CRITERIO) VALUES (34,'Numero Registro','REG_NUM','A',25,2,'NUMREG',1);
INSERT INTO INF_CAMPOS (CODIGO,NOME,CAMPO,TIPO,LONXITUDE,ORIGEN,NOMEAS,CRITERIO) VALUES (35,'Interesado','EXT_TER','I',200,1,'INTERESADOEXP',1);
INSERT INTO INF_CAMPOS (CODIGO,NOME,CAMPO,TIPO,LONXITUDE,ORIGEN,NOMEAS,CRITERIO) VALUES (36,'Exp. Relacionado','EXR_NUM','A',25,2,'EXPRELACIONADOREG',1);
INSERT INTO INF_CAMPOS (CODIGO,NOME,CAMPO,TIPO,LONXITUDE,ORIGEN,NOMEAS,CRITERIO) VALUES (37,'Cod. asunto codificado','CODIGO_ASUNTO','A',10,2,'CODIGO_ASUNTO',1);
INSERT INTO INF_CAMPOS (CODIGO,NOME,CAMPO,TIPO,LONXITUDE,ORIGEN,NOMEAS,CRITERIO) VALUES (38,'Descripción asunto codificado','DESCRIPCION_ASUNTO','A',100,2,'DESCRIPCION_ASUNTO',1);
INSERT INTO INF_CAMPOS (CODIGO,NOME,CAMPO,TIPO,LONXITUDE,ORIGEN,NOMEAS,CRITERIO) VALUES (39,'Cod. unidad registro','UOR_REG_COD_VIS','A',5,2,'UOR_REG_COD_VIS',1);
INSERT INTO INF_CAMPOS (CODIGO,NOME,CAMPO,TIPO,LONXITUDE,ORIGEN,NOMEAS,CRITERIO) VALUES (40,'Nombre unidad registro','UOR_NOM_REG','A',5,2,'UOR_NOM_REG',1);
INSERT INTO INF_CAMPOS(CODIGO,NOME,CAMPO,TIPO,LONXITUDE, ORIGEN,NOMEAS,CRITERIO) VALUES((SELECT MAX(CODIGO)+1 FROM INF_CAMPOS),'Nº. Registro inicio expediente','NUMERO_REGISTRO','A',20,1,'NUMERO_REGISTRO',1);
INSERT INTO INF_CAMPOS(CODIGO,NOME,CAMPO,TIPO,LONXITUDE, ORIGEN,NOMEAS,CRITERIO) VALUES((SELECT MAX(CODIGO)+1 FROM INF_CAMPOS),'Fecha/hora presentacion registro','FECHA_PRESENTACION','A',20,1,'FECHA_PRESENTACION',1);
COMMIT;

-- GESTIÓN DE FORMULARIOS

-- Tipos de documentos de Registro para	formularios.
INSERT INTO R_TDO ( TDO_IDE, TDO_COD, TDO_DES, TDO_ACT) VALUES (99, '99', 'FORMS', 'SI'); 

-- Estados posibles de los formularios.
INSERT INTO F_EST_FORM (FEF_COD, FEF_NOM ) 	VALUES ('0', 'PENDIENTE'); 
INSERT INTO F_EST_FORM (FEF_COD, FEF_NOM ) 	VALUES ('1', 'ENVIADO'); 
INSERT INTO F_EST_FORM (FEF_COD, FEF_NOM ) 	VALUES ('2', 'TRAMITADO'); 
INSERT INTO F_EST_FORM (FEF_COD, FEF_NOM ) 	VALUES ('3', 'ERRONEO'); 
INSERT INTO F_EST_FORM (FEF_COD, FEF_NOM) 	VALUES (4,'RECHAZADO');	
	
--Tipos de formularios
Insert into F_TIPO_FORM (FTF_COD,FTF_NOM) values ('0','Solicitud');
Insert into F_TIPO_FORM (FTF_COD,FTF_NOM) values ('1','Anexo');
Insert into F_TIPO_FORM (FTF_COD,FTF_NOM) values ('2','Anexo con tramite');
Insert into F_TIPO_FORM (FTF_COD,FTF_NOM) values ('3','Anexo UOR');
Insert into F_TIPO_FORM (FTF_COD,FTF_NOM) values ('4','Anexo UOR no visible');


-- CARGA DE DATOS PARA IMPLEMENTACIONES ESPECÍFICAS.

Insert into T_VIA (VIA_PAI,VIA_PRV,VIA_MUN,VIA_COD,VIA_TVI,VIA_CBJ,VIA_CIN,VIA_NOM,VIA_NOC,VIA_NOA,VIA_CAT,VIA_FAP,VIA_EXP,VIA_LNG,VIA_AMX,VIA_AMI,VIA_TRF,VIA_STR,VIA_IDO,VIA_SIT,VIA_FAL,VIA_UAL,VIA_FBJ,VIA_UBJ,VIA_FIV) 
values (108,99,999,1,0,null,1,'SIN DOMICILIO','SIN DOMICILIO',null,null,null,null,null,null,null,null,null,null,'A',to_timestamp('13/08/10','DD/MM/RR HH24:MI:SSXFF'),5,null,null,to_timestamp('13/08/10','DD/MM/RR HH24:MI:SSXFF'));
commit;
-- Carga de datos si se quiere usar a las UORs como terceros.

INSERT INTO T_TID(TID_COD,TID_COD_ACCEDE,TID_DIN,TID_DUP,TID_PFI,TID_NML,TID_DES,TID_DG1,TID_TD1,TID_DG2,TID_TD2,TID_DG3,TID_TD3,TID_DG4,TID_TD4,TID_DG5,TID_TD5,TID_LMX,TID_TVA) 
	VALUES (7,'',0,0,0,0,'UOR',6,'X',null,'',null,'',null,'',null,'',null,'0');
commit;


-- UOR Y TERCERO FICTICIOS PARA LA FUNCIONALIDAD DE ANULAR RESERVAS
INSERT INTO T_TER(TER_COD,TER_TID,TER_DOC,TER_NOM,TER_NML,TER_SIT,TER_NVE,TER_FAL,TER_UAL,TER_APL) VALUES(-99,'6','RESANULADA','RESERVA ANULADA',1,'B',1,SYSDATE ,'1','1');
INSERT INTO T_HTE(HTE_TER,HTE_NVR,HTE_TID,HTE_DOC,HTE_NOM,HTE_NML,HTE_FOP,HTE_USU,HTE_APL) VALUES(-99,'1',6,'RESANULADA','RESERVA ANULADA',1,SYSDATE ,'1','1');
INSERT INTO T_DOM(DOM_COD, DOM_NML) VALUES (-99,2);
INSERT INTO T_DNN(DNN_DOM, DNN_PAI, DNN_PRV, DNN_MUN, DNN_DMC, DNN_SIT, DNN_FAL, DNN_UAL)VALUES (-99, 108, 99, 999, 'SIN TIPO VIA RESERVA ANULADA', 'B', SYSDATE, 1);
INSERT INTO T_DOT(DOT_DOM, DOT_TER, DOT_SIT, DOT_FEC, DOT_USU, DOT_DPA)VALUES (-99, -99, 'B', SYSDATE, 1, 1);
INSERT INTO R_ROL(GRUPO, ROL_COD, ROL_DES, ROL_PDE, ROL_ACT)VALUES (1, -99, 'ROL', 'SI', 'SI');
INSERT INTO A_UOR(UOR_COD, UOR_NOM, UOR_ESTADO, UOR_COD_VIS, UOR_NO_VIS)VALUES (-99, 'RESERVA ANULADA', 'B', 'RESANU', 1);

-- TABLA PARA PARAMETROS PROPIOS DE CADA ORGANIZACIÓN	 
INSERT INTO PARAMETROS (CODIGO, VALOR) VALUES ('OBS_OBLIGATORIAS_AL_RECHAZAR','NO');

-- CREACION DE TABLAS PARA LA PARAMETRIZACIÓN DE LISTADOS.
Insert into A_LIST ("LIST_COD","LIST_NOM") values (4,'LISTADO DE ANOTACIONES DEL BUZÓN DE ENTRADA');
Insert into A_LIST ("LIST_COD","LIST_NOM") values (3,'LISTADO DE ANOTACIONES');
Insert into A_LIST ("LIST_COD","LIST_NOM") values (2,'LISTADO DE EXPEDIENTES PENDIENTES');
Insert into A_LIST ("LIST_COD","LIST_NOM") values (1,'LISTADO DE EXPEDIENTES');



insert into A_CAMPLIST("CAMPLIST_COD","CAMPLIST_NOM","CAMPLIST_TAMANO","CAMPLIST_ACTIVO","CAMPLIST_CODLIST","CAMPLIST_ORDEN") values (0,'CERCA/FUERA DE PLAZO',7,1,2,0);  
insert into A_CAMPLIST("CAMPLIST_COD","CAMPLIST_NOM","CAMPLIST_TAMANO","CAMPLIST_ACTIVO","CAMPLIST_CODLIST","CAMPLIST_ORDEN") values (1,'NÚMERO DE EXPEDIENTE',13,1,2,5);
insert into A_CAMPLIST("CAMPLIST_COD","CAMPLIST_NOM","CAMPLIST_TAMANO","CAMPLIST_ACTIVO","CAMPLIST_CODLIST","CAMPLIST_ORDEN") values (2,'PROCEDIMIENTO',0,0,2,3);
insert into A_CAMPLIST("CAMPLIST_COD","CAMPLIST_NOM","CAMPLIST_TAMANO","CAMPLIST_ACTIVO","CAMPLIST_CODLIST","CAMPLIST_ORDEN") values (3,'INTERESADO',24,1,2,0);
insert into A_CAMPLIST("CAMPLIST_COD","CAMPLIST_NOM","CAMPLIST_TAMANO","CAMPLIST_ACTIVO","CAMPLIST_CODLIST","CAMPLIST_ORDEN") values (4,'ASUNTO',24,1,2,9);
insert into A_CAMPLIST("CAMPLIST_COD","CAMPLIST_NOM","CAMPLIST_TAMANO","CAMPLIST_ACTIVO","CAMPLIST_CODLIST","CAMPLIST_ORDEN") values (5,'LOCALIZACIÓN',24,1,2,1);
insert into A_CAMPLIST("CAMPLIST_COD","CAMPLIST_NOM","CAMPLIST_TAMANO","CAMPLIST_ACTIVO","CAMPLIST_CODLIST","CAMPLIST_ORDEN") values (6,'FECHA DE INICIO',8,1,2,17);
insert into A_CAMPLIST("CAMPLIST_COD","CAMPLIST_NOM","CAMPLIST_TAMANO","CAMPLIST_ACTIVO","CAMPLIST_CODLIST","CAMPLIST_ORDEN") values (7,'FECHA DE FIN',0,0,2,18);
insert into A_CAMPLIST("CAMPLIST_COD","CAMPLIST_NOM","CAMPLIST_TAMANO","CAMPLIST_ACTIVO","CAMPLIST_CODLIST","CAMPLIST_ORDEN") values (8,'ESTADO',0,0,2,14);
insert into A_CAMPLIST("CAMPLIST_COD","CAMPLIST_NOM","CAMPLIST_TAMANO","CAMPLIST_ACTIVO","CAMPLIST_CODLIST","CAMPLIST_ORDEN") values (9,'USUARIO DE INICIO',0,0,2,16);
insert into A_CAMPLIST("CAMPLIST_COD","CAMPLIST_NOM","CAMPLIST_TAMANO","CAMPLIST_ACTIVO","CAMPLIST_CODLIST","CAMPLIST_ORDEN") values (10,'UNIDAD DE INICIO',0,0,2,15);
insert into A_CAMPLIST(CAMPLIST_COD,CAMPLIST_NOM,CAMPLIST_TAMANO,CAMPLIST_ACTIVO,CAMPLIST_CODLIST,CAMPLIST_ORDEN) values (11,'UNIDADES TRAMITADORAS',0,0,2,0);
insert into A_CAMPLIST(CAMPLIST_COD,CAMPLIST_NOM,CAMPLIST_TAMANO,CAMPLIST_ACTIVO,CAMPLIST_CODLIST,CAMPLIST_ORDEN) values (12,'EXPEDIENTES IMPORTANTES',0,0,2,0);
insert into a_camplist(CAMPLIST_COD,CAMPLIST_NOM,CAMPLIST_TAMANO,CAMPLIST_ACTIVO,CAMPLIST_CODLIST,CAMPLIST_ORDEN) VALUES (13,'TIPO DE INICIO',24,0,2,20);
INSERT INTO A_CAMPLIST(CAMPLIST_COD, CAMPLIST_NOM, CAMPLIST_TAMANO, CAMPLIST_ACTIVO, CAMPLIST_CODLIST, CAMPLIST_ORDEN) VALUES(14,'ALARMAS',5,1,2,20);
COMMIT;


Insert into A_CAMPLIST ("CAMPLIST_COD","CAMPLIST_NOM","CAMPLIST_TAMANO","CAMPLIST_ACTIVO","CAMPLIST_CODLIST","CAMPLIST_ORDEN") values (2,'PROCEDIMIENTO',0,0,4,7);
Insert into A_CAMPLIST ("CAMPLIST_COD","CAMPLIST_NOM","CAMPLIST_TAMANO","CAMPLIST_ACTIVO","CAMPLIST_CODLIST","CAMPLIST_ORDEN") values (3,'EXPEDIENTE RELACIONADO',0,0,4,17);

Insert into A_CAMPLIST ("CAMPLIST_COD","CAMPLIST_NOM","CAMPLIST_TAMANO","CAMPLIST_ACTIVO","CAMPLIST_CODLIST","CAMPLIST_ORDEN") values (0,'NÚMERO DE EXPEDIENTE',12,1,1,5);
Insert into A_CAMPLIST ("CAMPLIST_COD","CAMPLIST_NOM","CAMPLIST_TAMANO","CAMPLIST_ACTIVO","CAMPLIST_CODLIST","CAMPLIST_ORDEN") values (1,'PROCEDIMIENTO',7,1,1,11);
Insert into A_CAMPLIST ("CAMPLIST_COD","CAMPLIST_NOM","CAMPLIST_TAMANO","CAMPLIST_ACTIVO","CAMPLIST_CODLIST","CAMPLIST_ORDEN") values (2,'INTERESADO',16,1,1,19);
Insert into A_CAMPLIST ("CAMPLIST_COD","CAMPLIST_NOM","CAMPLIST_TAMANO","CAMPLIST_ACTIVO","CAMPLIST_CODLIST","CAMPLIST_ORDEN") values (3,'ASUNTO',16,1,1,13);
Insert into A_CAMPLIST ("CAMPLIST_COD","CAMPLIST_NOM","CAMPLIST_TAMANO","CAMPLIST_ACTIVO","CAMPLIST_CODLIST","CAMPLIST_ORDEN") values (4,'LOCALIZACIÓN',7,1,1,1);
Insert into A_CAMPLIST ("CAMPLIST_COD","CAMPLIST_NOM","CAMPLIST_TAMANO","CAMPLIST_ACTIVO","CAMPLIST_CODLIST","CAMPLIST_ORDEN") values (5,'FECHA DE INICIO',7,1,1,9);
Insert into A_CAMPLIST ("CAMPLIST_COD","CAMPLIST_NOM","CAMPLIST_TAMANO","CAMPLIST_ACTIVO","CAMPLIST_CODLIST","CAMPLIST_ORDEN") values (6,'FECHA DE FIN',7,1,1,10);
Insert into A_CAMPLIST ("CAMPLIST_COD","CAMPLIST_NOM","CAMPLIST_TAMANO","CAMPLIST_ACTIVO","CAMPLIST_CODLIST","CAMPLIST_ORDEN") values (7,'ESTADO',14,1,1,6);
Insert into A_CAMPLIST ("CAMPLIST_COD","CAMPLIST_NOM","CAMPLIST_TAMANO","CAMPLIST_ACTIVO","CAMPLIST_CODLIST","CAMPLIST_ORDEN") values (8,'USUARIO DE INICIO',7,1,1,15);
Insert into A_CAMPLIST ("CAMPLIST_COD","CAMPLIST_NOM","CAMPLIST_TAMANO","CAMPLIST_ACTIVO","CAMPLIST_CODLIST","CAMPLIST_ORDEN") values (9,'UNIDAD DE INICIO',7,1,1,14);
insert into a_camplist (CAMPLIST_COD,CAMPLIST_NOM,CAMPLIST_TAMANO,CAMPLIST_ACTIVO,CAMPLIST_CODLIST,CAMPLIST_ORDEN) VALUES (10,'TIPO DE INICIO',24,0,1,20);

Insert into A_CAMPLIST ("CAMPLIST_COD","CAMPLIST_NOM","CAMPLIST_TAMANO","CAMPLIST_ACTIVO","CAMPLIST_CODLIST","CAMPLIST_ORDEN") values (1,'ESTADO',0,0,4,0);
Insert into A_CAMPLIST ("CAMPLIST_COD","CAMPLIST_NOM","CAMPLIST_TAMANO","CAMPLIST_ACTIVO","CAMPLIST_CODLIST","CAMPLIST_ORDEN") values (4,'USUARIO QUE REALIZA EL ALTA',0,0,4,8);
Insert into A_CAMPLIST ("CAMPLIST_COD","CAMPLIST_NOM","CAMPLIST_TAMANO","CAMPLIST_ACTIVO","CAMPLIST_CODLIST","CAMPLIST_ORDEN") values (5,'NÚMERO DE ANOTACIÓN',0,0,4,5);
Insert into A_CAMPLIST ("CAMPLIST_COD","CAMPLIST_NOM","CAMPLIST_TAMANO","CAMPLIST_ACTIVO","CAMPLIST_CODLIST","CAMPLIST_ORDEN") values (6,'TIPO DE ANOTACIÓN',0,0,4,3);
Insert into A_CAMPLIST ("CAMPLIST_COD","CAMPLIST_NOM","CAMPLIST_TAMANO","CAMPLIST_ACTIVO","CAMPLIST_CODLIST","CAMPLIST_ORDEN") values (7,'FECHA DE PRESENTACIÓN',0,0,4,18);
Insert into A_CAMPLIST ("CAMPLIST_COD","CAMPLIST_NOM","CAMPLIST_TAMANO","CAMPLIST_ACTIVO","CAMPLIST_CODLIST","CAMPLIST_ORDEN") values (8,'FECHA DE GRABACIÓN',0,0,4,19);
Insert into A_CAMPLIST ("CAMPLIST_COD","CAMPLIST_NOM","CAMPLIST_TAMANO","CAMPLIST_ACTIVO","CAMPLIST_CODLIST","CAMPLIST_ORDEN") values (9,'REMITENTE',50,1,4,12);
Insert into A_CAMPLIST ("CAMPLIST_COD","CAMPLIST_NOM","CAMPLIST_TAMANO","CAMPLIST_ACTIVO","CAMPLIST_CODLIST","CAMPLIST_ORDEN") values (10,'ASUNTO',0,0,4,11);
Insert into A_CAMPLIST ("CAMPLIST_COD","CAMPLIST_NOM","CAMPLIST_TAMANO","CAMPLIST_ACTIVO","CAMPLIST_CODLIST","CAMPLIST_ORDEN") values (11,'UNIDAD DE DESTINO/ORIGEN',0,0,4,13);
Insert into A_CAMPLIST ("CAMPLIST_COD","CAMPLIST_NOM","CAMPLIST_TAMANO","CAMPLIST_ACTIVO","CAMPLIST_CODLIST","CAMPLIST_ORDEN") values (12,'TIPO DE ENTRADA',50,1,4,0);

Insert into A_CAMPLIST ("CAMPLIST_COD","CAMPLIST_NOM","CAMPLIST_TAMANO","CAMPLIST_ACTIVO","CAMPLIST_CODLIST","CAMPLIST_ORDEN") values (1,'ESTADO',6,1,3,7);
Insert into A_CAMPLIST ("CAMPLIST_COD","CAMPLIST_NOM","CAMPLIST_TAMANO","CAMPLIST_ACTIVO","CAMPLIST_CODLIST","CAMPLIST_ORDEN") values (2,'PROCEDIMIENTO',6,1,3,6);
Insert into A_CAMPLIST ("CAMPLIST_COD","CAMPLIST_NOM","CAMPLIST_TAMANO","CAMPLIST_ACTIVO","CAMPLIST_CODLIST","CAMPLIST_ORDEN") values (3,'EXPEDIENTE RELACIONADO',6,1,3,24);
Insert into A_CAMPLIST ("CAMPLIST_COD","CAMPLIST_NOM","CAMPLIST_TAMANO","CAMPLIST_ACTIVO","CAMPLIST_CODLIST","CAMPLIST_ORDEN") values (4,'USUARIO QUE REALIZA EL ALTA',6,1,3,25);
Insert into A_CAMPLIST ("CAMPLIST_COD","CAMPLIST_NOM","CAMPLIST_TAMANO","CAMPLIST_ACTIVO","CAMPLIST_CODLIST","CAMPLIST_ORDEN") values (5,'NÚMERO DE ANOTACIÓN',7,1,3,0);
Insert into A_CAMPLIST ("CAMPLIST_COD","CAMPLIST_NOM","CAMPLIST_TAMANO","CAMPLIST_ACTIVO","CAMPLIST_CODLIST","CAMPLIST_ORDEN") values (6,'TIPO DE ANOTACIÓN',7,1,3,3);
Insert into A_CAMPLIST ("CAMPLIST_COD","CAMPLIST_NOM","CAMPLIST_TAMANO","CAMPLIST_ACTIVO","CAMPLIST_CODLIST","CAMPLIST_ORDEN") values (7,'FECHA DE PRESENTACIÓN',23,1,3,8);
Insert into A_CAMPLIST ("CAMPLIST_COD","CAMPLIST_NOM","CAMPLIST_TAMANO","CAMPLIST_ACTIVO","CAMPLIST_CODLIST","CAMPLIST_ORDEN") values (8,'FECHA DE GRABACIÓN',6,1,3,9);
Insert into A_CAMPLIST ("CAMPLIST_COD","CAMPLIST_NOM","CAMPLIST_TAMANO","CAMPLIST_ACTIVO","CAMPLIST_CODLIST","CAMPLIST_ORDEN") values (9,'REMITENTE',6,1,3,14);
Insert into A_CAMPLIST ("CAMPLIST_COD","CAMPLIST_NOM","CAMPLIST_TAMANO","CAMPLIST_ACTIVO","CAMPLIST_CODLIST","CAMPLIST_ORDEN") values (10,'ASUNTO',9,1,3,13);
Insert into A_CAMPLIST ("CAMPLIST_COD","CAMPLIST_NOM","CAMPLIST_TAMANO","CAMPLIST_ACTIVO","CAMPLIST_CODLIST","CAMPLIST_ORDEN") values (11,'UNIDAD DE DESTINO/ORIGEN',9,1,3,20);
Insert into A_CAMPLIST ("CAMPLIST_COD","CAMPLIST_NOM","CAMPLIST_TAMANO","CAMPLIST_ACTIVO","CAMPLIST_CODLIST","CAMPLIST_ORDEN") values (12,'TIPO DE ENTRADA',9,1,3,26);





INSERT INTO ETIQUETAS_LISTADO_PENDIENTES(CODIGO,TIPO_LISTADO,ETIQUETA) VALUES(0,2,'etiqCerFueraPlazo');
INSERT INTO ETIQUETAS_LISTADO_PENDIENTES(CODIGO,TIPO_LISTADO,ETIQUETA) VALUES(1,2,'etiqNumExpediente');
INSERT INTO ETIQUETAS_LISTADO_PENDIENTES(CODIGO,TIPO_LISTADO,ETIQUETA) VALUES(2,2,'bDefProc');
INSERT INTO ETIQUETAS_LISTADO_PENDIENTES(CODIGO,TIPO_LISTADO,ETIQUETA) VALUES(3,2,'gEtiq_interesado');
INSERT INTO ETIQUETAS_LISTADO_PENDIENTES(CODIGO,TIPO_LISTADO,ETIQUETA) VALUES(4,2,'gEtiq_Asunto');
INSERT INTO ETIQUETAS_LISTADO_PENDIENTES(CODIGO,TIPO_LISTADO,ETIQUETA) VALUES(5,2,'gEtiq_Local');
INSERT INTO ETIQUETAS_LISTADO_PENDIENTES(CODIGO,TIPO_LISTADO,ETIQUETA) VALUES(6,2,'gEtiq_fecIni');
INSERT INTO ETIQUETAS_LISTADO_PENDIENTES(CODIGO,TIPO_LISTADO,ETIQUETA) VALUES(7,2,'gEtiq_fecFin');
INSERT INTO ETIQUETAS_LISTADO_PENDIENTES(CODIGO,TIPO_LISTADO,ETIQUETA) VALUES(8,2,'etiq_estado');
INSERT INTO ETIQUETAS_LISTADO_PENDIENTES(CODIGO,TIPO_LISTADO,ETIQUETA) VALUES(9,2,'etiqUsuInicio');
INSERT INTO ETIQUETAS_LISTADO_PENDIENTES(CODIGO,TIPO_LISTADO,ETIQUETA) VALUES(10,2,'etiqUnidadInicio');
INSERT INTO ETIQUETAS_LISTADO_PENDIENTES(CODIGO,TIPO_LISTADO,ETIQUETA) VALUES(11,2,'etiqUnidadTramitadora');
INSERT INTO ETIQUETAS_LISTADO_PENDIENTES(CODIGO,TIPO_LISTADO,ETIQUETA) VALUES(12,2,'etiqExpDestacado');
INSERT INTO ETIQUETAS_LISTADO_PENDIENTES (CODIGO,TIPO_LISTADO,ETIQUETA) values (13,'2','etiq_Inicio');
INSERT INTO ETIQUETAS_LISTADO_PENDIENTES (CODIGO,TIPO_LISTADO,ETIQUETA) values (14,'2','etiqAlarma');


commit;


INSERT INTO T_PLT ( PLT_COD, PLT_DES, PLT_URL ) 
	VALUES (1, 'CAJA DE TEXTO CORTO (1 línea)', '/jsp/plantillas/terceros/CampoTexto.jsp'); 
INSERT INTO T_PLT ( PLT_COD, PLT_DES, PLT_URL ) 
	VALUES (3, 'CAJA DE TEXTO LARGO (multilínea)', '/jsp/plantillas/terceros/CampoTextoLargo.jsp'); 
INSERT INTO T_PLT ( PLT_COD, PLT_DES, PLT_URL ) 
	VALUES (2, 'CAMPO NUMERICO', '/jsp/plantillas/terceros/CampoNumerico.jsp'); 
INSERT INTO T_PLT ( PLT_COD, PLT_DES, PLT_URL ) 
	VALUES (4, 'FECHA', '/jsp/plantillas/terceros/CampoFecha.jsp'); 
INSERT INTO T_PLT ( PLT_COD, PLT_DES, PLT_URL ) 
	VALUES (6, 'DESPLEGABLE', '/jsp/plantillas/terceros/CampoDesplegable.jsp'); 

-- Salida al sistema
spool off;
quit;
