delete from campoentidadeinforme;
delete from campoinforme;
delete from entidadeaplicacion;
delete from entsubent;
delete from estructurainforme;
delete from camposjoin;
delete from camposeleccioninforme;
delete from entidadeinforme;
delete from a_doc;

INSERT INTO CAMPOINFORME ( CODIGO, NOME, CAMPO, TIPO, LONXITUDE, SELECTVALORES, FROMVALORES,
WHEREVALORES, NOMEAS ) VALUES ( 
200001, 'LISTADO EXPEDIENTES RELACIÓN', 'V_CRO.USU_COD', 'A', 999, NULL, NULL, NULL, 'LISTADOEXPEDIENTES'); 
INSERT INTO CAMPOINFORME ( CODIGO, NOME, CAMPO, TIPO, LONXITUDE, SELECTVALORES, FROMVALORES,
WHEREVALORES, NOMEAS ) VALUES ( 
200002, 'LISTADO INTERESADOS RELACIÓN', 'V_CRO.USU_COD', 'A', 999, NULL, NULL, NULL, 'LISTADOINTERESADOS'); 
INSERT INTO CAMPOINFORME ( CODIGO, NOME, CAMPO, TIPO, LONXITUDE, SELECTVALORES, FROMVALORES,
WHEREVALORES, NOMEAS ) VALUES ( 
200004, 'LISTADO INTERESADOS CON DNI RELACIÓN', 'V_CRO.USU_COD', 'A', 999, NULL, NULL
, NULL, 'LISTADOINTERESADOSCONDNI'); 
INSERT INTO CAMPOINFORME ( CODIGO, NOME, CAMPO, TIPO, LONXITUDE, SELECTVALORES, FROMVALORES,
WHEREVALORES, NOMEAS ) VALUES ( 
200003, 'LISTADO INTERESADOS POR EXPEDIENTE RELACIÓN', 'V_CRO.USU_COD', 'A', 999, NULL
, NULL, NULL, 'LISTADOINTERESADOSXEXPEDIENTE'); 
INSERT INTO CAMPOINFORME ( CODIGO, NOME, CAMPO, TIPO, LONXITUDE, SELECTVALORES, FROMVALORES,
WHEREVALORES, NOMEAS ) VALUES ( 
10233, 'ESI', 'V_CRO.ESI_NOM', 'A', 10, NULL, NULL, NULL, 'ESI'); 
INSERT INTO CAMPOINFORME ( CODIGO, NOME, CAMPO, TIPO, LONXITUDE, SELECTVALORES, FROMVALORES,
WHEREVALORES, NOMEAS ) VALUES ( 
14, 'Nombre Procedimiento', 'V_CRO.PRO_NOM', 'A', 255, NULL, NULL, NULL, 'NOMBREPROCEDIMIENTO'); 
INSERT INTO CAMPOINFORME ( CODIGO, NOME, CAMPO, TIPO, LONXITUDE, SELECTVALORES, FROMVALORES,
WHEREVALORES, NOMEAS ) VALUES ( 
15, 'Ejercicio', 'V_CRO.CRO_EJE', 'N', 4, NULL, NULL, NULL, 'EJERCICIO'); 
INSERT INTO CAMPOINFORME ( CODIGO, NOME, CAMPO, TIPO, LONXITUDE, SELECTVALORES, FROMVALORES,
WHEREVALORES, NOMEAS ) VALUES ( 
16, 'Num.Expediente', 'V_CRO.CRO_NUM', 'A', 30, NULL, NULL, NULL, 'NUMEXPEDIENTE'); 
INSERT INTO CAMPOINFORME ( CODIGO, NOME, CAMPO, TIPO, LONXITUDE, SELECTVALORES, FROMVALORES,
WHEREVALORES, NOMEAS ) VALUES ( 
17, 'Cod.Tramite', 'V_CRO.TRA_COD', 'N', 4, NULL, NULL, NULL, 'CODTRAMITE'); 
INSERT INTO CAMPOINFORME ( CODIGO, NOME, CAMPO, TIPO, LONXITUDE, SELECTVALORES, FROMVALORES,
WHEREVALORES, NOMEAS ) VALUES ( 
18, 'Nom.Tramite', 'V_CRO.TRA_NOM', 'A', 4000, NULL, NULL, NULL, 'NOMBRETRAMITE'); 
INSERT INTO CAMPOINFORME ( CODIGO, NOME, CAMPO, TIPO, LONXITUDE, SELECTVALORES, FROMVALORES,
WHEREVALORES, NOMEAS ) VALUES ( 
19, 'Fecha Inicio', 'V_CRO.CRO_FEI', 'D', 10, NULL, NULL, NULL, 'FECHAINICIO'); 
INSERT INTO CAMPOINFORME ( CODIGO, NOME, CAMPO, TIPO, LONXITUDE, SELECTVALORES, FROMVALORES,
WHEREVALORES, NOMEAS ) VALUES ( 
10234, 'ECO', 'V_CRO.ECO_NOM', 'A', 10, NULL, NULL, NULL, 'ECO'); 
INSERT INTO CAMPOINFORME ( CODIGO, NOME, CAMPO, TIPO, LONXITUDE, SELECTVALORES, FROMVALORES,
WHEREVALORES, NOMEAS ) VALUES ( 
21, 'Cod.Usuario', 'V_CRO.USU_COD', 'N', 4, NULL, NULL, NULL, 'CODUSUARIO'); 
INSERT INTO CAMPOINFORME ( CODIGO, NOME, CAMPO, TIPO, LONXITUDE, SELECTVALORES, FROMVALORES,
WHEREVALORES, NOMEAS ) VALUES ( 
22, 'Nom.Usuario', 'V_CRO.USU_NOM', 'A', 255, NULL, NULL, NULL, 'NOMBREUSUARIO'); 
INSERT INTO CAMPOINFORME ( CODIGO, NOME, CAMPO, TIPO, LONXITUDE, SELECTVALORES, FROMVALORES,
WHEREVALORES, NOMEAS ) VALUES ( 
23, 'Cod. Unidad Tramitadora', 'V_CRO.UTR_COD', 'N', 3, NULL, NULL, NULL, 'CODUTR'); 
INSERT INTO CAMPOINFORME ( CODIGO, NOME, CAMPO, TIPO, LONXITUDE, SELECTVALORES, FROMVALORES,
WHEREVALORES, NOMEAS ) VALUES ( 
24, 'Nom. Unidad Tramitadora', 'V_CRO.UTR_NOM', 'A', 80, NULL, NULL, NULL, 'NOMBREUTR'); 
INSERT INTO CAMPOINFORME ( CODIGO, NOME, CAMPO, TIPO, LONXITUDE, SELECTVALORES, FROMVALORES,
WHEREVALORES, NOMEAS ) VALUES ( 
25, 'Fecha Inicio Plazo', 'V_CRO.CRO_FIP', 'D', 10, NULL, NULL, NULL, 'FECHAINICIOPLAZO'); 
INSERT INTO CAMPOINFORME ( CODIGO, NOME, CAMPO, TIPO, LONXITUDE, SELECTVALORES, FROMVALORES,
WHEREVALORES, NOMEAS ) VALUES ( 
26, 'Fecha Fin Plazo', 'V_CRO.CRO_FFP', 'D', 10, NULL, NULL, NULL, 'FECHAFINPLAZO'); 
INSERT INTO CAMPOINFORME ( CODIGO, NOME, CAMPO, TIPO, LONXITUDE, SELECTVALORES, FROMVALORES,
WHEREVALORES, NOMEAS ) VALUES ( 
27, 'Observaciones', 'V_CRO.CRO_OBS', 'A', 1000, NULL, NULL, NULL, 'OBSERVACIONES'); 
INSERT INTO CAMPOINFORME ( CODIGO, NOME, CAMPO, TIPO, LONXITUDE, SELECTVALORES, FROMVALORES,
WHEREVALORES, NOMEAS ) VALUES ( 
28, 'Idioma', 'V_CRO.CRO_LENG', 'A', 1, NULL, NULL, NULL, 'IDIOMA'); 
INSERT INTO CAMPOINFORME ( CODIGO, NOME, CAMPO, TIPO, LONXITUDE, SELECTVALORES, FROMVALORES,
WHEREVALORES, NOMEAS ) VALUES ( 
29, 'Ocurrencia', 'V_CRO.CRO_OCU', 'N', 4, NULL, NULL, NULL, 'OCURRENCIA'); 
INSERT INTO CAMPOINFORME ( CODIGO, NOME, CAMPO, TIPO, LONXITUDE, SELECTVALORES, FROMVALORES,
WHEREVALORES, NOMEAS ) VALUES ( 
31, 'DIA ACTUAL', 'V_CRO.CRO_DAC', 'A', 50, NULL, NULL, NULL, 'DIAACTUAL'); 
INSERT INTO CAMPOINFORME ( CODIGO, NOME, CAMPO, TIPO, LONXITUDE, SELECTVALORES, FROMVALORES,
WHEREVALORES, NOMEAS ) VALUES ( 
32, 'MES ACTUAL', 'V_CRO.CRO_MAC', 'N', 2, NULL, NULL, NULL, 'MESACTUAL'); 
INSERT INTO CAMPOINFORME ( CODIGO, NOME, CAMPO, TIPO, LONXITUDE, SELECTVALORES, FROMVALORES,
WHEREVALORES, NOMEAS ) VALUES ( 
33, 'AÑO ACTUAL', 'V_CRO.CRO_AAC', 'N', 4, NULL, NULL, NULL, 'ANOACTUAL'); 
INSERT INTO CAMPOINFORME ( CODIGO, NOME, CAMPO, TIPO, LONXITUDE, SELECTVALORES, FROMVALORES,
WHEREVALORES, NOMEAS ) VALUES ( 
10031, 'LOC.EXPEDIENTE', 'V_CRO.CRO_LOC', 'A', 999, NULL, NULL, NULL, 'LOCALIZACIONEXPEDIENTE'); 
INSERT INTO CAMPOINFORME ( CODIGO, NOME, CAMPO, TIPO, LONXITUDE, SELECTVALORES, FROMVALORES,
WHEREVALORES, NOMEAS ) VALUES ( 
10032, 'NOM.AYUNTAMIENTO', 'V_CRO.CRO_AYT', 'A', 999, NULL, NULL, NULL, 'NOMBREAYUNTAMIENTO'); 
INSERT INTO CAMPOINFORME ( CODIGO, NOME, CAMPO, TIPO, LONXITUDE, SELECTVALORES, FROMVALORES,
WHEREVALORES, NOMEAS ) VALUES ( 
10048, 'NUMERO EXP.', 'V_INT.INT_NUM', 'A', 30, NULL, NULL, NULL, 'NUMEROEXPEDIENTE'); 
INSERT INTO CAMPOINFORME ( CODIGO, NOME, CAMPO, TIPO, LONXITUDE, SELECTVALORES, FROMVALORES,
WHEREVALORES, NOMEAS ) VALUES ( 
10053, 'NOM.INTERESADO', 'V_INT.INT_NOM', 'A', 999, NULL, NULL, NULL, 'NOMBREINTERESADO'); 
INSERT INTO CAMPOINFORME ( CODIGO, NOME, CAMPO, TIPO, LONXITUDE, SELECTVALORES, FROMVALORES,
WHEREVALORES, NOMEAS ) VALUES ( 
10054, 'DOM.INTERESADO', 'V_INT.INT_DOMN', 'A', 999, NULL, NULL, NULL, 'DOMICILIOINTERESADO'); 
INSERT INTO CAMPOINFORME ( CODIGO, NOME, CAMPO, TIPO, LONXITUDE, SELECTVALORES, FROMVALORES,
WHEREVALORES, NOMEAS ) VALUES ( 
10055, 'NORMALIZADO', 'V_INT.INT_NOR', 'N', 1, NULL, NULL, NULL, 'NORMALIZADO'); 
INSERT INTO CAMPOINFORME ( CODIGO, NOME, CAMPO, TIPO, LONXITUDE, SELECTVALORES, FROMVALORES,
WHEREVALORES, NOMEAS ) VALUES ( 
10056, 'DOMNN.INTERESADO', 'V_INT.INT_DOMNN', 'A', 999, NULL, NULL, NULL, 'DOMICILIONONORMALIZADO'); 
INSERT INTO CAMPOINFORME ( CODIGO, NOME, CAMPO, TIPO, LONXITUDE, SELECTVALORES, FROMVALORES,
WHEREVALORES, NOMEAS ) VALUES ( 
10057, 'ROL INTERESADO', 'V_INT.INT_ROL', 'A', 100, NULL, NULL, NULL, 'ROLINTERESADO'); 
INSERT INTO CAMPOINFORME ( CODIGO, NOME, CAMPO, TIPO, LONXITUDE, SELECTVALORES, FROMVALORES,
WHEREVALORES, NOMEAS ) VALUES ( 
10058, 'POB.INTERESADO', 'V_INT.INT_POB', 'A', 999, NULL, NULL, NULL, 'POBLACIONINTERESADO'); 
INSERT INTO CAMPOINFORME ( CODIGO, NOME, CAMPO, TIPO, LONXITUDE, SELECTVALORES, FROMVALORES,
WHEREVALORES, NOMEAS ) VALUES ( 
10235, 'PROVINCIA INTERESADO', 'V_CRO.PRV_NOM', 'A', 10, NULL, NULL, NULL, 'PROVINTERESADO'); 
INSERT INTO CAMPOINFORME ( CODIGO, NOME, CAMPO, TIPO, LONXITUDE, SELECTVALORES, FROMVALORES,
WHEREVALORES, NOMEAS ) VALUES ( 
10063, 'NOMBRE PROCEDIMIENTO', 'V_CROI.PRO_NOM', 'A', 255, NULL, NULL, NULL, 'NOMBREPROCEDIMIENTO'); 
INSERT INTO CAMPOINFORME ( CODIGO, NOME, CAMPO, TIPO, LONXITUDE, SELECTVALORES, FROMVALORES,
WHEREVALORES, NOMEAS ) VALUES ( 
10064, 'EJERCICIO', 'V_CROI.CRO_EJE', 'N', 4, NULL, NULL, NULL, 'EJERCICIO'); 
INSERT INTO CAMPOINFORME ( CODIGO, NOME, CAMPO, TIPO, LONXITUDE, SELECTVALORES, FROMVALORES,
WHEREVALORES, NOMEAS ) VALUES ( 
10065, 'NUM.EXPEDIENTE', 'V_CROI.CRO_NUM', 'A', 30, NULL, NULL, NULL, 'NUMEXPEDIENTE'); 
INSERT INTO CAMPOINFORME ( CODIGO, NOME, CAMPO, TIPO, LONXITUDE, SELECTVALORES, FROMVALORES,
WHEREVALORES, NOMEAS ) VALUES ( 
10067, 'NOM.TRAMITE', 'V_CROI.TRA_NOM', 'A', 999, NULL, NULL, NULL, 'NOMBRETRAMITE'); 
INSERT INTO CAMPOINFORME ( CODIGO, NOME, CAMPO, TIPO, LONXITUDE, SELECTVALORES, FROMVALORES,
WHEREVALORES, NOMEAS ) VALUES ( 
10068, 'FECHA INICIO', 'V_CROI.CRO_FEI', 'D', 10, NULL, NULL, NULL, 'FECHAINICIO'); 
INSERT INTO CAMPOINFORME ( CODIGO, NOME, CAMPO, TIPO, LONXITUDE, SELECTVALORES, FROMVALORES,
WHEREVALORES, NOMEAS ) VALUES ( 
10071, 'NOM.USUARIO', 'V_CROI.USU_NOM', 'A', 999, NULL, NULL, NULL, 'NOMBREUSUARIO'); 
INSERT INTO CAMPOINFORME ( CODIGO, NOME, CAMPO, TIPO, LONXITUDE, SELECTVALORES, FROMVALORES,
WHEREVALORES, NOMEAS ) VALUES ( 
10073, 'FECHA INICIO PLAZO', 'V_CROI.CRO_FIP', 'D', 10, NULL, NULL, NULL, 'FECHAINICIOPLAZO'); 
INSERT INTO CAMPOINFORME ( CODIGO, NOME, CAMPO, TIPO, LONXITUDE, SELECTVALORES, FROMVALORES,
WHEREVALORES, NOMEAS ) VALUES ( 
10074, 'FECHA FIN PLAZO', 'V_CROI.CRO_FFP', 'D', 10, NULL, NULL, NULL, 'FECHAFINPLAZO'); 
INSERT INTO CAMPOINFORME ( CODIGO, NOME, CAMPO, TIPO, LONXITUDE, SELECTVALORES, FROMVALORES,
WHEREVALORES, NOMEAS ) VALUES ( 
10075, 'OBSERVACIONES', 'V_CROI.CRO_OBS', 'A', 999, NULL, NULL, NULL, 'OBSERVACIONES'); 
INSERT INTO CAMPOINFORME ( CODIGO, NOME, CAMPO, TIPO, LONXITUDE, SELECTVALORES, FROMVALORES,
WHEREVALORES, NOMEAS ) VALUES ( 
10076, 'IDIOMA', 'V_CROI.CRO_LENG', 'A', 1, NULL, NULL, NULL, 'IDIOMA'); 
INSERT INTO CAMPOINFORME ( CODIGO, NOME, CAMPO, TIPO, LONXITUDE, SELECTVALORES, FROMVALORES,
WHEREVALORES, NOMEAS ) VALUES ( 
10077, 'OCURRENCIA', 'V_CROI.CRO_OCU', 'N', 4, NULL, NULL, NULL, 'OCURRENCIA'); 
INSERT INTO CAMPOINFORME ( CODIGO, NOME, CAMPO, TIPO, LONXITUDE, SELECTVALORES, FROMVALORES,
WHEREVALORES, NOMEAS ) VALUES ( 
10078, 'FECHA LIMITE PLAZO', 'V_CROI.CRO_FLI', 'D', 10, NULL, NULL, NULL, 'FECHALIMITEPLAZO'); 
INSERT INTO CAMPOINFORME ( CODIGO, NOME, CAMPO, TIPO, LONXITUDE, SELECTVALORES, FROMVALORES,
WHEREVALORES, NOMEAS ) VALUES ( 
10079, 'LOC.EXPEDIENTE', 'V_CROI.CRO_LOC', 'A', 999, NULL, NULL, NULL, 'LOCALIZACIONEXPEDIENTE'); 
INSERT INTO CAMPOINFORME ( CODIGO, NOME, CAMPO, TIPO, LONXITUDE, SELECTVALORES, FROMVALORES,
WHEREVALORES, NOMEAS ) VALUES ( 
10080, 'NOM.AYUNTAMIENTO', 'V_CROI.CRO_AYT', 'A', 999, NULL, NULL, NULL, 'NOMBREAYUNTAMIENTO'); 
INSERT INTO CAMPOINFORME ( CODIGO, NOME, CAMPO, TIPO, LONXITUDE, SELECTVALORES, FROMVALORES,
WHEREVALORES, NOMEAS ) VALUES ( 
10081, 'NOM.INTERESADO', 'V_CROI.CRO_INT', 'A', 999, NULL, NULL, NULL, 'NOMBREINTERESADO'); 
INSERT INTO CAMPOINFORME ( CODIGO, NOME, CAMPO, TIPO, LONXITUDE, SELECTVALORES, FROMVALORES,
WHEREVALORES, NOMEAS ) VALUES ( 
10082, 'DOM.INTERESADO', 'V_CROI.CRO_DOM', 'A', 999, NULL, NULL, NULL, 'DOMICILIOINTERESADO'); 
INSERT INTO CAMPOINFORME ( CODIGO, NOME, CAMPO, TIPO, LONXITUDE, SELECTVALORES, FROMVALORES,
WHEREVALORES, NOMEAS ) VALUES ( 
10083, 'NORMALIZADO', 'V_CROI.CRO_NOR', 'N', 1, NULL, NULL, NULL, 'NORMALIZADO'); 
INSERT INTO CAMPOINFORME ( CODIGO, NOME, CAMPO, TIPO, LONXITUDE, SELECTVALORES, FROMVALORES,
WHEREVALORES, NOMEAS ) VALUES ( 
10084, 'DOMNN.INTERESADO', 'V_CROI.CRO_DOMNN', 'A', 999, NULL, NULL, NULL, 'DOMICILIONONORMALIZADO'); 
INSERT INTO CAMPOINFORME ( CODIGO, NOME, CAMPO, TIPO, LONXITUDE, SELECTVALORES, FROMVALORES,
WHEREVALORES, NOMEAS ) VALUES ( 
10085, 'ROL INTERESADO', 'V_CROI.CRO_ROL', 'A', 100, NULL, NULL, NULL, 'ROLINTERESADO'); 
INSERT INTO CAMPOINFORME ( CODIGO, NOME, CAMPO, TIPO, LONXITUDE, SELECTVALORES, FROMVALORES,
WHEREVALORES, NOMEAS ) VALUES ( 
10086, 'POB.INTERESADO', 'V_CROI.CRO_PBD', 'A', 999, NULL, NULL, NULL, 'POBLACIONINTERESADO'); 
INSERT INTO CAMPOINFORME ( CODIGO, NOME, CAMPO, TIPO, LONXITUDE, SELECTVALORES, FROMVALORES,
WHEREVALORES, NOMEAS ) VALUES ( 
10178, 'DIA ACTUAL', 'V_CROI.CRO_DAC', 'A', 50, NULL, NULL, NULL, 'DIAACTUAL'); 
INSERT INTO CAMPOINFORME ( CODIGO, NOME, CAMPO, TIPO, LONXITUDE, SELECTVALORES, FROMVALORES,
WHEREVALORES, NOMEAS ) VALUES ( 
10179, 'MES ACTUAL', 'V_CROI.CRO_MAC', 'N', 2, NULL, NULL, NULL, 'MESACTUAL'); 
INSERT INTO CAMPOINFORME ( CODIGO, NOME, CAMPO, TIPO, LONXITUDE, SELECTVALORES, FROMVALORES,
WHEREVALORES, NOMEAS ) VALUES ( 
10180, 'ANO ACTUAL', 'V_CROI.CRO_AAC', 'N', 4, NULL, NULL, NULL, 'ANOACTUAL'); 
INSERT INTO CAMPOINFORME ( CODIGO, NOME, CAMPO, TIPO, LONXITUDE, SELECTVALORES, FROMVALORES,
WHEREVALORES, NOMEAS ) VALUES ( 
10181, 'NOMBRE UNIDAD TRAMITADORA', 'V_CROI.UTR_NOM', 'A', 999, NULL, NULL, NULL, 'NOMBREUTR'); 
INSERT INTO CAMPOINFORME ( CODIGO, NOME, CAMPO, TIPO, LONXITUDE, SELECTVALORES, FROMVALORES,
WHEREVALORES, NOMEAS ) VALUES ( 
10218, 'DOCUMENTO', 'V_CROI.CRO_DOC', 'A', 10, NULL, NULL, NULL, 'DOCUMENTO'); 
INSERT INTO CAMPOINFORME ( CODIGO, NOME, CAMPO, TIPO, LONXITUDE, SELECTVALORES, FROMVALORES,
WHEREVALORES, NOMEAS ) VALUES ( 
10219, 'DOCUMENTO', 'V_INT.INT_DOC', 'A', 10, NULL, NULL, NULL, 'DOCUMENTO'); 
INSERT INTO CAMPOINFORME ( CODIGO, NOME, CAMPO, TIPO, LONXITUDE, SELECTVALORES, FROMVALORES,
WHEREVALORES, NOMEAS ) VALUES ( 
10220, 'ASUNTO EXPEDIENTE', 'V_CRO.EXP_ASU', 'A', 2000, NULL, NULL, NULL, 'ASUNTOEXPED'); 
INSERT INTO CAMPOINFORME ( CODIGO, NOME, CAMPO, TIPO, LONXITUDE, SELECTVALORES, FROMVALORES,
WHEREVALORES, NOMEAS ) VALUES ( 
10221, 'ASUNTO EXPEDIENTE', 'V_CROI.EXP_ASU', 'A', 2000, NULL, NULL, NULL, 'ASUNTOEXPED'); 
INSERT INTO CAMPOINFORME ( CODIGO, NOME, CAMPO, TIPO, LONXITUDE, SELECTVALORES, FROMVALORES,
WHEREVALORES, NOMEAS ) VALUES ( 
10226, 'TLFNO.INTERESADO', 'V_INT.INT_TLF', 'N', 9, NULL, NULL, NULL, 'TELEFONOINTERESADO'); 
INSERT INTO CAMPOINFORME ( CODIGO, NOME, CAMPO, TIPO, LONXITUDE, SELECTVALORES, FROMVALORES,
WHEREVALORES, NOMEAS ) VALUES ( 
10230, 'FECHA ACTUAL ESPAÑOL', 'V_CRO.USU_COD', 'D', 10, NULL, NULL, NULL, 'FECACTESP'); 
INSERT INTO CAMPOINFORME ( CODIGO, NOME, CAMPO, TIPO, LONXITUDE, SELECTVALORES, FROMVALORES,
WHEREVALORES, NOMEAS ) VALUES ( 
10231, 'FECHA ACTUAL GALLEGO', 'V_CRO.USU_COD', 'D', 10, NULL, NULL, NULL, 'FECACTGAL'); 
INSERT INTO CAMPOINFORME ( CODIGO, NOME, CAMPO, TIPO, LONXITUDE, SELECTVALORES, FROMVALORES,
WHEREVALORES, NOMEAS ) VALUES ( 
10232, 'REF. CATASTRAL', 'V_CRO.DNN_RCA', 'A', 20, NULL, NULL, NULL, 'REFCATASTRAL'); 
 
INSERT INTO ENTIDADEINFORME ( CODIGO, NOME, CLAUSULAFROM, CLAUSULAWHERE,
NOMEVISTA ) VALUES ( 
15, 'RELACION', NULL, NULL, 'V_CRO'); 
INSERT INTO ENTIDADEINFORME ( CODIGO, NOME, CLAUSULAFROM, CLAUSULAWHERE,
NOMEVISTA ) VALUES ( 
4, 'EXPEDIENTE', NULL, NULL, 'V_CRO'); 
INSERT INTO ENTIDADEINFORME ( CODIGO, NOME, CLAUSULAFROM, CLAUSULAWHERE,
NOMEVISTA ) VALUES ( 
1, 'INTERESADO', NULL, NULL, 'V_INT'); 
INSERT INTO ENTIDADEINFORME ( CODIGO, NOME, CLAUSULAFROM, CLAUSULAWHERE,
NOMEVISTA ) VALUES ( 
2, 'EXPEDIENTEINTERESADO', NULL, NULL, 'V_CROI'); 

INSERT INTO CAMPOENTIDADEINFORME ( COD_ENTIDADEINFORME,
COD_CAMPOINFORME ) VALUES ( 
1, 10048); 
INSERT INTO CAMPOENTIDADEINFORME ( COD_ENTIDADEINFORME,
COD_CAMPOINFORME ) VALUES ( 
1, 10053); 
INSERT INTO CAMPOENTIDADEINFORME ( COD_ENTIDADEINFORME,
COD_CAMPOINFORME ) VALUES ( 
1, 10054); 
INSERT INTO CAMPOENTIDADEINFORME ( COD_ENTIDADEINFORME,
COD_CAMPOINFORME ) VALUES ( 
1, 10055); 
INSERT INTO CAMPOENTIDADEINFORME ( COD_ENTIDADEINFORME,
COD_CAMPOINFORME ) VALUES ( 
1, 10056); 
INSERT INTO CAMPOENTIDADEINFORME ( COD_ENTIDADEINFORME,
COD_CAMPOINFORME ) VALUES ( 
1, 10057); 
INSERT INTO CAMPOENTIDADEINFORME ( COD_ENTIDADEINFORME,
COD_CAMPOINFORME ) VALUES ( 
1, 10058); 
INSERT INTO CAMPOENTIDADEINFORME ( COD_ENTIDADEINFORME,
COD_CAMPOINFORME ) VALUES ( 
1, 10219); 
INSERT INTO CAMPOENTIDADEINFORME ( COD_ENTIDADEINFORME,
COD_CAMPOINFORME ) VALUES ( 
1, 10226); 
INSERT INTO CAMPOENTIDADEINFORME ( COD_ENTIDADEINFORME,
COD_CAMPOINFORME ) VALUES ( 
2, 10063); 
INSERT INTO CAMPOENTIDADEINFORME ( COD_ENTIDADEINFORME,
COD_CAMPOINFORME ) VALUES ( 
2, 10064); 
INSERT INTO CAMPOENTIDADEINFORME ( COD_ENTIDADEINFORME,
COD_CAMPOINFORME ) VALUES ( 
2, 10065); 
INSERT INTO CAMPOENTIDADEINFORME ( COD_ENTIDADEINFORME,
COD_CAMPOINFORME ) VALUES ( 
2, 10067); 
INSERT INTO CAMPOENTIDADEINFORME ( COD_ENTIDADEINFORME,
COD_CAMPOINFORME ) VALUES ( 
2, 10068); 
INSERT INTO CAMPOENTIDADEINFORME ( COD_ENTIDADEINFORME,
COD_CAMPOINFORME ) VALUES ( 
2, 10071); 
INSERT INTO CAMPOENTIDADEINFORME ( COD_ENTIDADEINFORME,
COD_CAMPOINFORME ) VALUES ( 
2, 10073); 
INSERT INTO CAMPOENTIDADEINFORME ( COD_ENTIDADEINFORME,
COD_CAMPOINFORME ) VALUES ( 
2, 10074); 
INSERT INTO CAMPOENTIDADEINFORME ( COD_ENTIDADEINFORME,
COD_CAMPOINFORME ) VALUES ( 
2, 10075); 
INSERT INTO CAMPOENTIDADEINFORME ( COD_ENTIDADEINFORME,
COD_CAMPOINFORME ) VALUES ( 
2, 10076); 
INSERT INTO CAMPOENTIDADEINFORME ( COD_ENTIDADEINFORME,
COD_CAMPOINFORME ) VALUES ( 
2, 10077); 
INSERT INTO CAMPOENTIDADEINFORME ( COD_ENTIDADEINFORME,
COD_CAMPOINFORME ) VALUES ( 
2, 10078); 
INSERT INTO CAMPOENTIDADEINFORME ( COD_ENTIDADEINFORME,
COD_CAMPOINFORME ) VALUES ( 
2, 10079); 
INSERT INTO CAMPOENTIDADEINFORME ( COD_ENTIDADEINFORME,
COD_CAMPOINFORME ) VALUES ( 
2, 10080); 
INSERT INTO CAMPOENTIDADEINFORME ( COD_ENTIDADEINFORME,
COD_CAMPOINFORME ) VALUES ( 
2, 10081); 
INSERT INTO CAMPOENTIDADEINFORME ( COD_ENTIDADEINFORME,
COD_CAMPOINFORME ) VALUES ( 
2, 10082); 
INSERT INTO CAMPOENTIDADEINFORME ( COD_ENTIDADEINFORME,
COD_CAMPOINFORME ) VALUES ( 
2, 10083); 
INSERT INTO CAMPOENTIDADEINFORME ( COD_ENTIDADEINFORME,
COD_CAMPOINFORME ) VALUES ( 
2, 10084); 
INSERT INTO CAMPOENTIDADEINFORME ( COD_ENTIDADEINFORME,
COD_CAMPOINFORME ) VALUES ( 
2, 10085); 
INSERT INTO CAMPOENTIDADEINFORME ( COD_ENTIDADEINFORME,
COD_CAMPOINFORME ) VALUES ( 
2, 10086); 
INSERT INTO CAMPOENTIDADEINFORME ( COD_ENTIDADEINFORME,
COD_CAMPOINFORME ) VALUES ( 
2, 10178); 
INSERT INTO CAMPOENTIDADEINFORME ( COD_ENTIDADEINFORME,
COD_CAMPOINFORME ) VALUES ( 
2, 10179); 
INSERT INTO CAMPOENTIDADEINFORME ( COD_ENTIDADEINFORME,
COD_CAMPOINFORME ) VALUES ( 
2, 10180); 
INSERT INTO CAMPOENTIDADEINFORME ( COD_ENTIDADEINFORME,
COD_CAMPOINFORME ) VALUES ( 
2, 10181); 
INSERT INTO CAMPOENTIDADEINFORME ( COD_ENTIDADEINFORME,
COD_CAMPOINFORME ) VALUES ( 
2, 10218); 
INSERT INTO CAMPOENTIDADEINFORME ( COD_ENTIDADEINFORME,
COD_CAMPOINFORME ) VALUES ( 
2, 10221); 
INSERT INTO CAMPOENTIDADEINFORME ( COD_ENTIDADEINFORME,
COD_CAMPOINFORME ) VALUES ( 
4, 14); 
INSERT INTO CAMPOENTIDADEINFORME ( COD_ENTIDADEINFORME,
COD_CAMPOINFORME ) VALUES ( 
4, 15); 
INSERT INTO CAMPOENTIDADEINFORME ( COD_ENTIDADEINFORME,
COD_CAMPOINFORME ) VALUES ( 
4, 16); 
INSERT INTO CAMPOENTIDADEINFORME ( COD_ENTIDADEINFORME,
COD_CAMPOINFORME ) VALUES ( 
4, 17); 
INSERT INTO CAMPOENTIDADEINFORME ( COD_ENTIDADEINFORME,
COD_CAMPOINFORME ) VALUES ( 
4, 18); 
INSERT INTO CAMPOENTIDADEINFORME ( COD_ENTIDADEINFORME,
COD_CAMPOINFORME ) VALUES ( 
4, 19); 
INSERT INTO CAMPOENTIDADEINFORME ( COD_ENTIDADEINFORME,
COD_CAMPOINFORME ) VALUES ( 
4, 21); 
INSERT INTO CAMPOENTIDADEINFORME ( COD_ENTIDADEINFORME,
COD_CAMPOINFORME ) VALUES ( 
4, 22); 
INSERT INTO CAMPOENTIDADEINFORME ( COD_ENTIDADEINFORME,
COD_CAMPOINFORME ) VALUES ( 
4, 23); 
INSERT INTO CAMPOENTIDADEINFORME ( COD_ENTIDADEINFORME,
COD_CAMPOINFORME ) VALUES ( 
4, 24); 
INSERT INTO CAMPOENTIDADEINFORME ( COD_ENTIDADEINFORME,
COD_CAMPOINFORME ) VALUES ( 
4, 25); 
INSERT INTO CAMPOENTIDADEINFORME ( COD_ENTIDADEINFORME,
COD_CAMPOINFORME ) VALUES ( 
4, 26); 
INSERT INTO CAMPOENTIDADEINFORME ( COD_ENTIDADEINFORME,
COD_CAMPOINFORME ) VALUES ( 
4, 27); 
INSERT INTO CAMPOENTIDADEINFORME ( COD_ENTIDADEINFORME,
COD_CAMPOINFORME ) VALUES ( 
4, 28); 
INSERT INTO CAMPOENTIDADEINFORME ( COD_ENTIDADEINFORME,
COD_CAMPOINFORME ) VALUES ( 
4, 29); 
INSERT INTO CAMPOENTIDADEINFORME ( COD_ENTIDADEINFORME,
COD_CAMPOINFORME ) VALUES ( 
4, 31); 
INSERT INTO CAMPOENTIDADEINFORME ( COD_ENTIDADEINFORME,
COD_CAMPOINFORME ) VALUES ( 
4, 32); 
INSERT INTO CAMPOENTIDADEINFORME ( COD_ENTIDADEINFORME,
COD_CAMPOINFORME ) VALUES ( 
4, 33); 
INSERT INTO CAMPOENTIDADEINFORME ( COD_ENTIDADEINFORME,
COD_CAMPOINFORME ) VALUES ( 
4, 10031); 
INSERT INTO CAMPOENTIDADEINFORME ( COD_ENTIDADEINFORME,
COD_CAMPOINFORME ) VALUES ( 
4, 10032); 
INSERT INTO CAMPOENTIDADEINFORME ( COD_ENTIDADEINFORME,
COD_CAMPOINFORME ) VALUES ( 
4, 10220); 

INSERT INTO ENTIDADEAPLICACION ( APL_COD, COD_ENTIDADEINFORME ) VALUES ( 
4, 1); 
INSERT INTO ENTIDADEAPLICACION ( APL_COD, COD_ENTIDADEINFORME ) VALUES ( 
4, 2); 
INSERT INTO ENTIDADEAPLICACION ( APL_COD, COD_ENTIDADEINFORME ) VALUES ( 
4, 4); 
INSERT INTO ENTIDADEAPLICACION ( APL_COD, COD_ENTIDADEINFORME ) VALUES ( 
4, 15); 

INSERT INTO ENTSUBENT ( COD_ENTSUBENT, COD_ENTIDADEINFORME, COD_PAI,
TXT_CONDJOIN ) VALUES ( 
1, 4, NULL, NULL); 
INSERT INTO ENTSUBENT ( COD_ENTSUBENT, COD_ENTIDADEINFORME, COD_PAI,
TXT_CONDJOIN ) VALUES ( 
2, 1, 1, NULL); 

INSERT INTO ESTRUCTURAINFORME ( COD_ESTRUCTURA, COD_ENTIDADEINFORME, COD_PAI, CONSULTASQL,
POSICION ) VALUES ( 
1, 4, NULL, 'SELECT CRO_OCU as OCURRENCIA,PRO_COD as CODIGOPROCEDIMIENTO, PRO_NOM as NOMBREPROCEDIMIENTO, CRO_EJE as EJERCICIO,CRO_NUM as NUMEXPEDIENTE,TRA_COD as CODTRAMITE, TRA_NOM as NOMBRETRAMITE, CRO_FEI as FECHAINICIO,CRO_FEF as FECHAFINALIZACION,USU_COD as CODUSUARIO, USU_NOM as NOMBREUSUARIO,UTR_COD as CODUTR, UTR_NOM as NOMBREUTR,CRO_FIP as FECHAINICIOPLAZO, CRO_FLI as FECHALIMITEPLAZO, CRO_FFP as FECHAFINPLAZO, CRO_OBS as OBSERVACIONES,CRO_LENG as IDIOMA, CRO_LOC as LOCALIZACIONEXPEDIENTE, CRO_AYT as NOMBREAYUNTAMIENTO, CRO_DAC as DIAACTUAL,CRO_MAC as MESACTUAL, CRO_AAC as ANOACTUAL, EXP_ASU as ASUNTOEXPED , DNN_RCA AS REFCATASTRAL, ESI_NOM AS ESI,ECO_NOM AS ECO, PRV_NOM AS PROVINTERESADO, CRO_AAC AS ANOACTUALEXT, CRO_MAC AS MESACTUALEXT, CRO_DAC AS DIAACTUALEXT,TO_CHAR(SYSDATE,  ''dd/MM/yyyy'') AS FecActEsp,TO_CHAR(SYSDATE, ''dd/MM/yyyy'') AS FecActGal FROM V_CRO WHERE PRO_COD=? AND CRO_NUM=? AND TRA_COD=? AND CRO_OCU=? AND CRO_LENG=?', 0); 
INSERT INTO ESTRUCTURAINFORME ( COD_ESTRUCTURA, COD_ENTIDADEINFORME, COD_PAI, CONSULTASQL,
POSICION ) VALUES ( 
2, 1, 1, 'SELECT v_int.int_nom AS nombreinteresado, v_int.int_num AS numeroexpediente,v_int.int_domn AS domiciliointeresado, v_int.int_rol AS rolinteresado,v_int.int_nor AS normalizado,v_int.int_domnn AS domiciliononormalizado,v_int.int_pob AS poblacioninteresado, v_int.int_doc AS documento,v_int.int_tlf AS telefonointeresado, v_int.int_rca AS refcatastral, v_int.int_esi AS esi,v_int.int_eco AS eco, v_int.int_prv AS provinteresado, v_int.int_cpo as codigoostalinteresado FROM v_int', 0); 
INSERT INTO ESTRUCTURAINFORME ( COD_ESTRUCTURA, COD_ENTIDADEINFORME, COD_PAI, CONSULTASQL,
POSICION ) VALUES ( 
5, 2, NULL, 'SELECT cro_ocu AS ocurrencia, pro_cod AS codigoprocedimiento,pro_nom AS nombreprocedimiento, cro_eje AS ejercicio,cro_num AS numexpediente, tra_cod AS codtramite,tra_nom AS nombretramite, cro_fei AS fechainicio,cro_fef AS fechafinalizacion, usu_cod AS codusuario,usu_nom AS nombreusuario, utr_cod AS codutr,utr_nom AS nombreutr,cro_fip AS fechainicioplazo,cro_fli AS fechalimiteplazo,cro_ffp AS fechafinplazo,cro_obs AS observaciones, cro_leng AS idioma,cro_int AS nombreinteresado, cro_dom AS domiciliointeresado,cro_rol AS rolinteresado, cro_pbd AS poblacioninteresado,cro_loc AS localizacionexpediente, cro_ayt AS nombreayuntamiento,cro_nor AS normalizado, cro_domnn AS domiciliononormalizado,cro_pbdnn AS poblacionnonormalizado, cro_dac AS diaactual,cro_mac AS mesactual, cro_aac AS anoactual,cro_doc AS documento,exp_asu AS asuntoexped,TO_CHAR(SYSDATE, ''dd/MM/yyyy'') AS fecactesp,TO_CHAR(SYSDATE, ''dd/MM/yyyy'') AS fecactgal,dnn_rca AS refcatastral, esi_nom AS esi,eco_nom AS eco, prv_nom AS provinteresado, dnn_cpo as codigopostalinteresado FROM v_croi WHERE pro_cod = ? AND cro_num = ? AND tra_cod = ? AND cro_ocu = ? AND cro_leng = ? AND cro_cin = ? AND cro_nvi = ?', 0); 
INSERT INTO ESTRUCTURAINFORME ( COD_ESTRUCTURA, COD_ENTIDADEINFORME, COD_PAI, CONSULTASQL,
POSICION ) VALUES ( 
7, 15, NULL, 'SELECT CRO_OCU as OCURRENCIA,PRO_COD as CODIGOPROCEDIMIENTO, PRO_NOM as NOMBREPROCEDIMIENTO, CRO_EJE as EJERCICIO, CRO_NUM as NUMEXPEDIENTE,TRA_COD as CODTRAMITE, TRA_NOM as NOMBRETRAMITE, CRO_FEI as FECHAINICIO,CRO_FEF as FECHAFINALIZACION,USU_COD as CODUSUARIO, USU_NOM as NOMBREUSUARIO,UTR_COD as CODUTR, UTR_NOM as NOMBREUTR,CRO_FIP as FECHAINICIOPLAZO, CRO_FLI as FECHALIMITEPLAZO, CRO_FFP as FECHAFINPLAZO, CRO_OBS as OBSERVACIONES,CRO_LENG as IDIOMA, CRO_LOC as LOCALIZACIONEXPEDIENTE, CRO_AYT as NOMBREAYUNTAMIENTO, CRO_DAC as DIAACTUAL,CRO_MAC as MESACTUAL, CRO_AAC as ANOACTUAL, EXP_ASU as ASUNTOEXPED , DNN_RCA AS REFCATASTRAL, ESI_NOM AS ESI,ECO_NOM AS ECO, PRV_NOM AS PROVINTERESADO, CRO_AAC AS ANOACTUALEXT, CRO_MAC AS MESACTUALEXT, CRO_DAC AS DIAACTUALEXT,TO_CHAR(SYSDATE,''dd/MM/yyyy'') AS FecActEsp, TO_CHAR(SYSDATE,''dd/MM/yyyy'') AS FecActGal FROM V_CRO WHERE PRO_COD=? AND CRO_NUM=? AND TRA_COD=? AND CRO_OCU=? AND CRO_LENG=?', 0); 
INSERT INTO ESTRUCTURAINFORME ( COD_ESTRUCTURA, COD_ENTIDADEINFORME, COD_PAI, CONSULTASQL,
POSICION ) VALUES ( 
8, 4, NULL, 'SELECT CRO_OCU as OCURRENCIA,PRO_COD as CODIGOPROCEDIMIENTO, PRO_NOM as NOMBREPROCEDIMIENTO, CRO_EJE as EJERCICIO, CRO_NUM as NUMEXPEDIENTE,TRA_COD as CODTRAMITE, TRA_NOM as NOMBRETRAMITE, CRO_FEI as FECHAINICIO,CRO_FEF as FECHAFINALIZACION,USU_COD as CODUSUARIO, USU_NOM as NOMBREUSUARIO,UTR_COD as CODUTR, UTR_NOM as NOMBREUTR,CRO_FIP as FECHAINICIOPLAZO, CRO_FLI as FECHALIMITEPLAZO, CRO_FFP as FECHAFINPLAZO, CRO_OBS as OBSERVACIONES,CRO_LENG as IDIOMA, CRO_LOC as LOCALIZACIONEXPEDIENTE, CRO_AYT as NOMBREAYUNTAMIENTO, CRO_DAC as DIAACTUAL,CRO_MAC as MESACTUAL, CRO_AAC as ANOACTUAL, EXP_ASU as ASUNTOEXPED , DNN_RCA AS REFCATASTRAL, ESI_NOM AS ESI,ECO_NOM AS ECO, PRV_NOM AS PROVINTERESADO, CRO_AAC AS ANOACTUALEXT, CRO_MAC AS MESACTUALEXT, CRO_DAC AS DIAACTUALEXT,TO_CHAR(SYSDATE,''dd/MM/yyyy'') AS FecActEsp, TO_CHAR(SYSDATE,''dd/MM/yyyy'') AS FecActGal FROM V_CRO WHERE PRO_COD=? AND CRO_NUM=? AND TRA_COD=? AND CRO_OCU=? AND CRO_LENG=?', 0); 
INSERT INTO ESTRUCTURAINFORME ( COD_ESTRUCTURA, COD_ENTIDADEINFORME, COD_PAI, CONSULTASQL,
POSICION ) VALUES ( 
9, 1, 8, 'SELECT int_nom AS nombreinteresado, int_num AS numeroexpediente, int_domn AS domiciliointeresado, int_rol AS rolinteresado, int_nor AS normalizado, int_domnn AS domiciliononormalizado, int_pob AS poblacioninteresado, int_doc AS documento, int_tlf AS telefonointeresado, int_rca AS refcatastral, int_esi AS esi, int_eco AS eco, int_prv AS provinteresado, int_cpo as codigoostalinteresado FROM v_int WHERE (''''<>?) AND (int_num=?) AND (0<>?) AND (0<>?) AND (0<>?)', 0); 
INSERT INTO ESTRUCTURAINFORME ( COD_ESTRUCTURA, COD_ENTIDADEINFORME, COD_PAI, CONSULTASQL,
POSICION ) VALUES ( 
243, 4, NULL, 'SELECT V_CRO.CRO_NUM AS NUMEXPEDIENTE,V_CRO.CRO_EJE AS EJERCICIO,V_CRO.CRO_AYT AS NOMBREAYUNTAMIENTO FROM V_CRO  WHERE V_CRO.CRO_EJE =  2004  ORDER BY 1  ASC ', 0); 

INSERT INTO CAMPOSELECCIONINFORME ( COD_ESTRUCTURA, POSICION, COD_CAMPOINFORME,
ANCHO ) VALUES ( 
7, 19, 10031, NULL); 
INSERT INTO CAMPOSELECCIONINFORME ( COD_ESTRUCTURA, POSICION, COD_CAMPOINFORME,
ANCHO ) VALUES ( 
7, 20, 10032, NULL); 
INSERT INTO CAMPOSELECCIONINFORME ( COD_ESTRUCTURA, POSICION, COD_CAMPOINFORME,
ANCHO ) VALUES ( 
7, 21, 10220, NULL); 
INSERT INTO CAMPOSELECCIONINFORME ( COD_ESTRUCTURA, POSICION, COD_CAMPOINFORME,
ANCHO ) VALUES ( 
7, 22, 10230, NULL); 
INSERT INTO CAMPOSELECCIONINFORME ( COD_ESTRUCTURA, POSICION, COD_CAMPOINFORME,
ANCHO ) VALUES ( 
7, 23, 10233, NULL); 
INSERT INTO CAMPOSELECCIONINFORME ( COD_ESTRUCTURA, POSICION, COD_CAMPOINFORME,
ANCHO ) VALUES ( 
7, 24, 10234, NULL); 
INSERT INTO CAMPOSELECCIONINFORME ( COD_ESTRUCTURA, POSICION, COD_CAMPOINFORME,
ANCHO ) VALUES ( 
7, 25, 10235, NULL); 
INSERT INTO CAMPOSELECCIONINFORME ( COD_ESTRUCTURA, POSICION, COD_CAMPOINFORME,
ANCHO ) VALUES ( 
7, 28, 10232, NULL); 
INSERT INTO CAMPOSELECCIONINFORME ( COD_ESTRUCTURA, POSICION, COD_CAMPOINFORME,
ANCHO ) VALUES ( 
7, 29, 10231, NULL); 
INSERT INTO CAMPOSELECCIONINFORME ( COD_ESTRUCTURA, POSICION, COD_CAMPOINFORME,
ANCHO ) VALUES ( 
7, 31, 200001, NULL); 
INSERT INTO CAMPOSELECCIONINFORME ( COD_ESTRUCTURA, POSICION, COD_CAMPOINFORME,
ANCHO ) VALUES ( 
7, 32, 200002, NULL); 
INSERT INTO CAMPOSELECCIONINFORME ( COD_ESTRUCTURA, POSICION, COD_CAMPOINFORME,
ANCHO ) VALUES ( 
7, 34, 200004, NULL); 
INSERT INTO CAMPOSELECCIONINFORME ( COD_ESTRUCTURA, POSICION, COD_CAMPOINFORME,
ANCHO ) VALUES ( 
7, 33, 200003, NULL); 
INSERT INTO CAMPOSELECCIONINFORME ( COD_ESTRUCTURA, POSICION, COD_CAMPOINFORME,
ANCHO ) VALUES ( 
5, 28, 10233, NULL); 
INSERT INTO CAMPOSELECCIONINFORME ( COD_ESTRUCTURA, POSICION, COD_CAMPOINFORME,
ANCHO ) VALUES ( 
1, 1, 14, NULL); 
INSERT INTO CAMPOSELECCIONINFORME ( COD_ESTRUCTURA, POSICION, COD_CAMPOINFORME,
ANCHO ) VALUES ( 
243, 1, 15, NULL); 
INSERT INTO CAMPOSELECCIONINFORME ( COD_ESTRUCTURA, POSICION, COD_CAMPOINFORME,
ANCHO ) VALUES ( 
1, 2, 15, NULL); 
INSERT INTO CAMPOSELECCIONINFORME ( COD_ESTRUCTURA, POSICION, COD_CAMPOINFORME,
ANCHO ) VALUES ( 
243, 0, 16, NULL); 
INSERT INTO CAMPOSELECCIONINFORME ( COD_ESTRUCTURA, POSICION, COD_CAMPOINFORME,
ANCHO ) VALUES ( 
1, 3, 16, NULL); 
INSERT INTO CAMPOSELECCIONINFORME ( COD_ESTRUCTURA, POSICION, COD_CAMPOINFORME,
ANCHO ) VALUES ( 
1, 4, 17, NULL); 
INSERT INTO CAMPOSELECCIONINFORME ( COD_ESTRUCTURA, POSICION, COD_CAMPOINFORME,
ANCHO ) VALUES ( 
1, 5, 18, NULL); 
INSERT INTO CAMPOSELECCIONINFORME ( COD_ESTRUCTURA, POSICION, COD_CAMPOINFORME,
ANCHO ) VALUES ( 
1, 6, 19, NULL); 
INSERT INTO CAMPOSELECCIONINFORME ( COD_ESTRUCTURA, POSICION, COD_CAMPOINFORME,
ANCHO ) VALUES ( 
1, 24, 10234, NULL); 
INSERT INTO CAMPOSELECCIONINFORME ( COD_ESTRUCTURA, POSICION, COD_CAMPOINFORME,
ANCHO ) VALUES ( 
1, 8, 21, NULL); 
INSERT INTO CAMPOSELECCIONINFORME ( COD_ESTRUCTURA, POSICION, COD_CAMPOINFORME,
ANCHO ) VALUES ( 
1, 9, 22, NULL); 
INSERT INTO CAMPOSELECCIONINFORME ( COD_ESTRUCTURA, POSICION, COD_CAMPOINFORME,
ANCHO ) VALUES ( 
1, 10, 23, NULL); 
INSERT INTO CAMPOSELECCIONINFORME ( COD_ESTRUCTURA, POSICION, COD_CAMPOINFORME,
ANCHO ) VALUES ( 
1, 11, 24, NULL); 
INSERT INTO CAMPOSELECCIONINFORME ( COD_ESTRUCTURA, POSICION, COD_CAMPOINFORME,
ANCHO ) VALUES ( 
1, 12, 25, NULL); 
INSERT INTO CAMPOSELECCIONINFORME ( COD_ESTRUCTURA, POSICION, COD_CAMPOINFORME,
ANCHO ) VALUES ( 
1, 13, 26, NULL); 
INSERT INTO CAMPOSELECCIONINFORME ( COD_ESTRUCTURA, POSICION, COD_CAMPOINFORME,
ANCHO ) VALUES ( 
1, 14, 27, NULL); 
INSERT INTO CAMPOSELECCIONINFORME ( COD_ESTRUCTURA, POSICION, COD_CAMPOINFORME,
ANCHO ) VALUES ( 
1, 19, 10031, NULL); 
INSERT INTO CAMPOSELECCIONINFORME ( COD_ESTRUCTURA, POSICION, COD_CAMPOINFORME,
ANCHO ) VALUES ( 
243, 2, 10032, NULL); 
INSERT INTO CAMPOSELECCIONINFORME ( COD_ESTRUCTURA, POSICION, COD_CAMPOINFORME,
ANCHO ) VALUES ( 
1, 20, 10032, NULL); 
INSERT INTO CAMPOSELECCIONINFORME ( COD_ESTRUCTURA, POSICION, COD_CAMPOINFORME,
ANCHO ) VALUES ( 
1, 21, 10220, NULL); 
INSERT INTO CAMPOSELECCIONINFORME ( COD_ESTRUCTURA, POSICION, COD_CAMPOINFORME,
ANCHO ) VALUES ( 
2, 0, 10048, NULL); 
INSERT INTO CAMPOSELECCIONINFORME ( COD_ESTRUCTURA, POSICION, COD_CAMPOINFORME,
ANCHO ) VALUES ( 
5, 26, 10234, NULL); 
INSERT INTO CAMPOSELECCIONINFORME ( COD_ESTRUCTURA, POSICION, COD_CAMPOINFORME,
ANCHO ) VALUES ( 
5, 16, 10063, NULL); 
INSERT INTO CAMPOSELECCIONINFORME ( COD_ESTRUCTURA, POSICION, COD_CAMPOINFORME,
ANCHO ) VALUES ( 
5, 5, 10064, NULL); 
INSERT INTO CAMPOSELECCIONINFORME ( COD_ESTRUCTURA, POSICION, COD_CAMPOINFORME,
ANCHO ) VALUES ( 
5, 17, 10065, NULL); 
INSERT INTO CAMPOSELECCIONINFORME ( COD_ESTRUCTURA, POSICION, COD_CAMPOINFORME,
ANCHO ) VALUES ( 
1, 25, 10235, NULL); 
INSERT INTO CAMPOSELECCIONINFORME ( COD_ESTRUCTURA, POSICION, COD_CAMPOINFORME,
ANCHO ) VALUES ( 
5, 14, 10067, NULL); 
INSERT INTO CAMPOSELECCIONINFORME ( COD_ESTRUCTURA, POSICION, COD_CAMPOINFORME,
ANCHO ) VALUES ( 
5, 8, 10068, NULL); 
INSERT INTO CAMPOSELECCIONINFORME ( COD_ESTRUCTURA, POSICION, COD_CAMPOINFORME,
ANCHO ) VALUES ( 
5, 27, 10235, NULL); 
INSERT INTO CAMPOSELECCIONINFORME ( COD_ESTRUCTURA, POSICION, COD_CAMPOINFORME,
ANCHO ) VALUES ( 
1, 28, 10232, NULL); 
INSERT INTO CAMPOSELECCIONINFORME ( COD_ESTRUCTURA, POSICION, COD_CAMPOINFORME,
ANCHO ) VALUES ( 
5, 15, 10071, NULL); 
INSERT INTO CAMPOSELECCIONINFORME ( COD_ESTRUCTURA, POSICION, COD_CAMPOINFORME,
ANCHO ) VALUES ( 
5, 29, 10232, NULL); 
INSERT INTO CAMPOSELECCIONINFORME ( COD_ESTRUCTURA, POSICION, COD_CAMPOINFORME,
ANCHO ) VALUES ( 
5, 9, 10073, NULL); 
INSERT INTO CAMPOSELECCIONINFORME ( COD_ESTRUCTURA, POSICION, COD_CAMPOINFORME,
ANCHO ) VALUES ( 
5, 6, 10074, NULL); 
INSERT INTO CAMPOSELECCIONINFORME ( COD_ESTRUCTURA, POSICION, COD_CAMPOINFORME,
ANCHO ) VALUES ( 
5, 18, 10075, NULL); 
INSERT INTO CAMPOSELECCIONINFORME ( COD_ESTRUCTURA, POSICION, COD_CAMPOINFORME,
ANCHO ) VALUES ( 
5, 10, 10078, NULL); 
INSERT INTO CAMPOSELECCIONINFORME ( COD_ESTRUCTURA, POSICION, COD_CAMPOINFORME,
ANCHO ) VALUES ( 
5, 11, 10079, NULL); 
INSERT INTO CAMPOSELECCIONINFORME ( COD_ESTRUCTURA, POSICION, COD_CAMPOINFORME,
ANCHO ) VALUES ( 
5, 12, 10080, NULL); 
INSERT INTO CAMPOSELECCIONINFORME ( COD_ESTRUCTURA, POSICION, COD_CAMPOINFORME,
ANCHO ) VALUES ( 
5, 13, 10081, NULL); 
INSERT INTO CAMPOSELECCIONINFORME ( COD_ESTRUCTURA, POSICION, COD_CAMPOINFORME,
ANCHO ) VALUES ( 
5, 4, 10082, NULL); 
INSERT INTO CAMPOSELECCIONINFORME ( COD_ESTRUCTURA, POSICION, COD_CAMPOINFORME,
ANCHO ) VALUES ( 
5, 20, 10085, NULL); 
INSERT INTO CAMPOSELECCIONINFORME ( COD_ESTRUCTURA, POSICION, COD_CAMPOINFORME,
ANCHO ) VALUES ( 
5, 19, 10086, NULL); 
INSERT INTO CAMPOSELECCIONINFORME ( COD_ESTRUCTURA, POSICION, COD_CAMPOINFORME,
ANCHO ) VALUES ( 
5, 21, 10181, NULL); 
INSERT INTO CAMPOSELECCIONINFORME ( COD_ESTRUCTURA, POSICION, COD_CAMPOINFORME,
ANCHO ) VALUES ( 
5, 22, 10218, NULL); 
INSERT INTO CAMPOSELECCIONINFORME ( COD_ESTRUCTURA, POSICION, COD_CAMPOINFORME,
ANCHO ) VALUES ( 
5, 23, 10221, NULL); 
INSERT INTO CAMPOSELECCIONINFORME ( COD_ESTRUCTURA, POSICION, COD_CAMPOINFORME,
ANCHO ) VALUES ( 
1, 22, 10230, NULL); 
INSERT INTO CAMPOSELECCIONINFORME ( COD_ESTRUCTURA, POSICION, COD_CAMPOINFORME,
ANCHO ) VALUES ( 
5, 24, 10231, NULL); 
INSERT INTO CAMPOSELECCIONINFORME ( COD_ESTRUCTURA, POSICION, COD_CAMPOINFORME,
ANCHO ) VALUES ( 
1, 23, 10233, NULL); 
INSERT INTO CAMPOSELECCIONINFORME ( COD_ESTRUCTURA, POSICION, COD_CAMPOINFORME,
ANCHO ) VALUES ( 
1, 29, 10231, NULL); 
INSERT INTO CAMPOSELECCIONINFORME ( COD_ESTRUCTURA, POSICION, COD_CAMPOINFORME,
ANCHO ) VALUES ( 
5, 30, 10230, NULL); 

INSERT INTO CAMPOSJOIN ( CAMPO_ENT, CAMPO_SUBENT, OUTER_JOIN,
COD_ESE ) VALUES ( 
'NUMEXPEDIENTE', 'NUMEROEXPEDIENTE', NULL, 2); 

INSERT INTO A_DOC ( DOC_CEI, DOC_APL, DOC_NOM ) VALUES ( 
1, 4, 'ESTEXPEDIENTE1'); 
INSERT INTO A_DOC ( DOC_CEI, DOC_APL, DOC_NOM ) VALUES ( 
2, 4, 'ESTINT1'); 
INSERT INTO A_DOC ( DOC_CEI, DOC_APL, DOC_NOM ) VALUES ( 
5, 4, 'ESTEXPINT'); 
INSERT INTO A_DOC ( DOC_CEI, DOC_APL, DOC_NOM ) VALUES ( 
7, 4, 'ESTRELEXP'); 
